20,200,6,8,"[1,11,3,4,7,8,14,5,2,12,9,16,10,13,20,19,6,15,17,18]","[2,3,1,6,5,41,4,7,160,28,29,30,51,175,8,10,117,112,9,79,93,32,11,33,135,13,12,149,22,23,24,47,54,14,37,15,16,17,58,159,48,67,69,74,172,53,18,73,89,95,77,127,133,19,20,81,137,140,143,158,21,25,82,87,26,27,98,31,34,101,103,35,36,167,38,169,106,139,39,174,181,40,142,151,42,43,44,45,46,49,155,50,156,52,55,163,56,57,59,189,60,193,61,62,196,63,64,197,65,198,66,68,70,71,72,75,76,78,80,83,84,85,86,88,90,91,92,94,96,97,99,100,102,104,105,107,108,109,110,111,113,114,115,116,118,119,120,121,122,123,124,125,126,128,129,130,131,132,134,136,138,141,144,145,146,147,148,150,152,153,154,157,161,162,164,165,166,168,170,171,173,176,177,178,179,180,182,183,184,185,186,187,188,190,191,192,194,195,199,200]","Nothing","leftmost conflict first",1.35 s
20,200,6,8,"[1,11,3,4,7,8,14,5,2,12,9,16,10,13,20,19,6,15,17,18]","[2,3,1,6,5,41,4,7,160,28,29,30,51,175,8,10,117,112,9,79,93,32,11,33,135,13,12,149,22,23,24,47,54,14,37,15,16,17,58,159,48,67,69,74,172,53,18,73,89,95,77,127,133,19,20,81,137,140,143,158,21,25,82,87,26,27,98,31,34,101,103,35,36,167,38,169,106,139,39,174,181,40,142,151,42,43,44,45,46,49,155,50,156,52,55,163,56,57,59,189,60,193,61,62,196,63,64,197,65,198,66,68,70,71,72,75,76,78,80,83,84,85,86,88,90,91,92,94,96,97,99,100,102,104,105,107,108,109,110,111,113,114,115,116,118,119,120,121,122,123,124,125,126,128,129,130,131,132,134,136,138,141,144,145,146,147,148,150,152,153,154,157,161,162,164,165,166,168,170,171,173,176,177,178,179,180,182,183,184,185,186,187,188,190,191,192,194,195,199,200]","Nothing","rightmost conflict first",1.14 s
20,200,6,8,"[18,1,14,9,2,16,4,3,5,7,6,17,8,10,11,12,13,15,19,20]","[24,8,59,25,1,27,32,70,10,39,35,45,62,84,47,48,108,49,114,155,2,116,3,117,136,52,4,5,177,122,58,6,193,68,82,88,7,9,163,11,176,96,97,188,161,169,12,13,14,195,15,16,17,18,19,20,21,22,23,26,28,29,30,31,33,34,36,37,38,40,41,42,43,44,46,50,51,53,54,55,56,57,60,61,63,64,65,66,67,69,71,72,73,74,75,76,77,78,79,80,81,83,85,86,87,89,90,91,92,93,94,95,98,99,100,101,102,103,104,105,106,107,109,110,111,112,113,115,118,119,120,121,123,124,125,126,127,128,129,130,131,132,133,134,135,137,138,139,140,141,142,143,144,145,146,147,148,149,150,151,152,153,154,156,157,158,159,160,162,164,165,166,167,168,170,171,172,173,174,175,178,179,180,181,182,183,184,185,186,187,189,190,191,192,194,196,197,198,199,200]","Nothing","leftmost conflict first",2.15 ms
20,200,6,8,"[18,1,14,9,2,16,4,3,5,7,6,17,8,10,11,12,13,15,19,20]","[24,8,59,25,1,27,32,70,10,39,35,45,62,84,47,48,108,49,114,155,2,116,3,117,136,52,4,5,177,122,58,6,193,68,82,88,7,9,163,11,176,96,97,188,161,169,12,13,14,195,15,16,17,18,19,20,21,22,23,26,28,29,30,31,33,34,36,37,38,40,41,42,43,44,46,50,51,53,54,55,56,57,60,61,63,64,65,66,67,69,71,72,73,74,75,76,77,78,79,80,81,83,85,86,87,89,90,91,92,93,94,95,98,99,100,101,102,103,104,105,106,107,109,110,111,112,113,115,118,119,120,121,123,124,125,126,127,128,129,130,131,132,133,134,135,137,138,139,140,141,142,143,144,145,146,147,148,149,150,151,152,153,154,156,157,158,159,160,162,164,165,166,167,168,170,171,172,173,174,175,178,179,180,181,182,183,184,185,186,187,189,190,191,192,194,196,197,198,199,200]","Nothing","rightmost conflict first",1.08 ms
20,200,6,8,"[15,5,2,8,13,18,16,20,1,3,4,6,7,9,10,11,12,14,17,19]","[57,104,45,58,109,102,1,2,14,3,145,40,90,119,166,164,4,171,138,175,188,5,6,7,8,9,10,11,12,13,15,16,17,18,19,20,21,22,23,24,25,26,27,28,29,30,31,32,33,34,35,36,37,38,39,41,42,43,44,46,47,48,49,50,51,52,53,54,55,56,59,60,61,62,63,64,65,66,67,68,69,70,71,72,73,74,75,76,77,78,79,80,81,82,83,84,85,86,87,88,89,91,92,93,94,95,96,97,98,99,100,101,103,105,106,107,108,110,111,112,113,114,115,116,117,118,120,121,122,123,124,125,126,127,128,129,130,131,132,133,134,135,136,137,139,140,141,142,143,144,146,147,148,149,150,151,152,153,154,155,156,157,158,159,160,161,162,163,165,167,168,169,170,172,173,174,176,177,178,179,180,181,182,183,184,185,186,187,189,190,191,192,193,194,195,196,197,198,199,200]","Nothing","leftmost conflict first",1.58 ms
20,200,6,8,"[15,5,2,8,13,18,16,20,1,3,4,6,7,9,10,11,12,14,17,19]","[57,104,45,58,109,102,1,2,14,3,145,40,90,119,166,164,4,171,138,175,188,5,6,7,8,9,10,11,12,13,15,16,17,18,19,20,21,22,23,24,25,26,27,28,29,30,31,32,33,34,35,36,37,38,39,41,42,43,44,46,47,48,49,50,51,52,53,54,55,56,59,60,61,62,63,64,65,66,67,68,69,70,71,72,73,74,75,76,77,78,79,80,81,82,83,84,85,86,87,88,89,91,92,93,94,95,96,97,98,99,100,101,103,105,106,107,108,110,111,112,113,114,115,116,117,118,120,121,122,123,124,125,126,127,128,129,130,131,132,133,134,135,136,137,139,140,141,142,143,144,146,147,148,149,150,151,152,153,154,155,156,157,158,159,160,161,162,163,165,167,168,169,170,172,173,174,176,177,178,179,180,181,182,183,184,185,186,187,189,190,191,192,193,194,195,196,197,198,199,200]","Nothing","rightmost conflict first",301.58 µs
20,200,6,8,"[8,10,15,13,3,1,4,2,5,7,9,6,11,12,14,16,17,18,19,20]","[34,9,15,5,7,177,1,24,180,77,199,8,17,11,2,10,3,29,4,6,16,12,48,53,18,54,13,56,19,44,20,58,14,63,35,46,27,76,47,62,31,32,79,69,21,80,22,33,72,36,40,23,89,95,64,99,102,25,78,97,81,103,98,91,43,110,49,128,132,129,52,140,189,61,65,26,66,115,28,117,67,73,74,75,82,138,83,84,147,85,144,86,87,30,152,154,155,156,159,164,88,93,149,170,166,37,94,181,173,38,100,184,194,195,198,39,101,200,41,42,45,50,104,51,55,57,59,105,60,107,68,70,71,90,109,92,113,96,120,106,121,122,108,124,111,112,125,114,127,116,130,118,119,123,126,131,134,133,135,136,139,146,137,150,141,151,157,142,143,145,160,162,163,148,153,158,161,165,168,171,172,167,169,176,178,174,175,182,179,187,183,185,186,188,190,191,192,196,193,197]","Just Point (1,8) -> Point (6,177), Point (2,10) -> Point (9,180), Point (3,15) -> Point (73,189), Point (4,13) -> Point (112,184), Point (5,3) -> Point (117,101), Point (6,1) -> Point (131,68), Point (7,4) -> Point (135,109), Point (8,2) -> Point (136,92), Point (9,5) -> Point (137,113), Point (10,7) -> Point (184,176), Point (11,9) -> Point (185,178), Point (12,6) -> Point (186,174), Point (13,11) -> Point (188,182), Point (14,12) -> Point (191,183), Point (15,14) -> Point (194,188), Point (16,16) -> Point (195,190), Point (17,17) -> Point (196,191), Point (18,18) -> Point (197,192), Point (19,19) -> Point (198,196), Point (20,20) -> Point (200,197)","leftmost conflict first",126.67 ms
20,200,6,8,"[8,10,15,13,3,1,4,2,5,7,9,6,11,12,14,16,17,18,19,20]","[34,9,15,5,7,177,1,24,180,77,199,8,17,11,2,10,3,29,4,6,16,12,48,53,18,54,13,56,19,44,20,58,14,63,35,46,27,76,47,62,31,32,79,69,21,80,22,33,72,36,40,23,89,95,64,99,102,25,78,97,81,103,98,91,43,110,49,128,132,129,52,140,189,61,65,26,66,115,28,117,67,73,74,75,82,138,83,84,147,85,144,86,87,30,152,154,155,156,159,164,88,93,149,170,166,37,94,181,173,38,100,184,194,195,198,39,101,200,41,42,45,50,104,51,55,57,59,105,60,107,68,70,71,90,109,92,113,96,120,106,121,122,108,124,111,112,125,114,127,116,130,118,119,123,126,131,134,133,135,136,139,146,137,150,141,151,157,142,143,145,160,162,163,148,153,158,161,165,168,171,172,167,169,176,178,174,175,182,179,187,183,185,186,188,190,191,192,196,193,197]","Just Point (1,8) -> Point (6,177), Point (2,10) -> Point (9,180), Point (3,15) -> Point (73,189), Point (4,13) -> Point (112,184), Point (5,3) -> Point (117,101), Point (6,1) -> Point (131,68), Point (7,4) -> Point (135,109), Point (8,2) -> Point (136,92), Point (9,5) -> Point (137,113), Point (10,7) -> Point (184,176), Point (11,9) -> Point (185,178), Point (12,6) -> Point (186,174), Point (13,11) -> Point (188,182), Point (14,12) -> Point (191,183), Point (15,14) -> Point (194,188), Point (16,16) -> Point (195,190), Point (17,17) -> Point (196,191), Point (18,18) -> Point (197,192), Point (19,19) -> Point (198,196), Point (20,20) -> Point (200,197)","rightmost conflict first",181.46 ms
20,200,6,8,"[20,3,4,1,2,5,8,12,6,7,9,10,11,13,14,15,16,17,18,19]","[26,2,64,53,135,5,137,19,188,6,185,7,96,8,14,39,108,20,134,147,33,38,30,9,32,191,36,80,43,42,65,44,11,90,1,102,12,47,13,3,55,4,110,10,17,22,175,23,59,24,115,15,28,144,29,60,156,63,34,35,16,37,40,46,72,18,21,82,86,48,25,27,87,89,31,49,52,41,54,119,125,57,58,45,127,129,130,138,50,62,139,146,66,51,67,56,68,61,69,71,81,162,70,73,88,74,75,91,171,76,77,95,78,101,79,172,179,83,84,85,181,104,106,107,182,113,183,117,184,92,93,187,121,136,196,94,142,143,158,159,97,165,166,174,177,98,180,99,189,100,103,105,190,109,111,112,114,197,116,118,198,120,122,123,124,126,128,131,132,133,140,141,145,148,149,150,151,152,153,154,155,157,160,161,163,164,167,168,169,170,173,176,178,186,192,193,194,195,199,200]","Just Point (1,20) -> Point (5,135), Point (2,3) -> Point (8,19), Point (3,4) -> Point (13,96), Point (4,1) -> Point (14,8), Point (5,2) -> Point (15,14), Point (6,5) -> Point (17,108), Point (7,8) -> Point (51,115), Point (8,12) -> Point (133,121), Point (9,6) -> Point (154,109), Point (10,7) -> Point (155,111), Point (11,9) -> Point (159,116), Point (12,10) -> Point (160,118), Point (13,11) -> Point (162,120), Point (14,13) -> Point (163,122), Point (15,14) -> Point (164,123), Point (16,15) -> Point (165,124), Point (17,16) -> Point (166,126), Point (18,17) -> Point (167,128), Point (19,18) -> Point (168,131), Point (20,19) -> Point (169,132)","leftmost conflict first",15.08 ms
20,200,6,8,"[20,3,4,1,2,5,8,12,6,7,9,10,11,13,14,15,16,17,18,19]","[26,2,64,53,135,5,137,19,188,6,185,7,96,8,14,39,108,20,134,147,33,38,30,9,32,191,36,80,43,42,65,44,11,90,1,102,12,47,13,3,55,4,110,10,17,22,175,23,59,24,115,15,28,144,29,60,156,63,34,35,16,37,40,46,72,18,21,82,86,48,25,27,87,89,31,49,52,41,54,119,125,57,58,45,127,129,130,138,50,62,139,146,66,51,67,56,68,61,69,71,81,162,70,73,88,74,75,91,171,76,77,95,78,101,79,172,179,83,84,85,181,104,106,107,182,113,183,117,184,92,93,187,121,136,196,94,142,143,158,159,97,165,166,174,177,98,180,99,189,100,103,105,190,109,111,112,114,197,116,118,198,120,122,123,124,126,128,131,132,133,140,141,145,148,149,150,151,152,153,154,155,157,160,161,163,164,167,168,169,170,173,176,178,186,192,193,194,195,199,200]","Just Point (1,20) -> Point (5,135), Point (2,3) -> Point (8,19), Point (3,4) -> Point (13,96), Point (4,1) -> Point (14,8), Point (5,2) -> Point (15,14), Point (6,5) -> Point (17,108), Point (7,8) -> Point (51,115), Point (8,12) -> Point (133,121), Point (9,6) -> Point (154,109), Point (10,7) -> Point (155,111), Point (11,9) -> Point (159,116), Point (12,10) -> Point (160,118), Point (13,11) -> Point (162,120), Point (14,13) -> Point (163,122), Point (15,14) -> Point (164,123), Point (16,15) -> Point (165,124), Point (17,16) -> Point (166,126), Point (18,17) -> Point (167,128), Point (19,18) -> Point (168,131), Point (20,19) -> Point (169,132)","rightmost conflict first",19.14 ms
20,200,6,8,"[15,10,6,11,13,1,14,2,20,3,4,5,7,8,9,12,16,17,18,19]","[11,8,4,26,25,63,3,13,66,7,118,43,60,1,32,2,35,106,141,117,142,97,10,163,55,105,5,124,12,15,6,9,16,14,146,110,21,22,23,152,122,182,24,17,29,18,131,19,20,184,31,191,27,28,30,36,38,33,42,44,50,34,51,37,39,40,41,53,45,62,70,46,47,48,71,49,52,73,77,54,56,57,58,81,59,61,64,65,83,67,84,86,68,89,94,95,69,72,74,98,99,75,76,100,78,101,102,79,80,82,85,87,88,104,108,111,90,116,119,123,126,128,91,130,136,143,92,93,96,144,103,148,107,109,112,113,114,151,115,120,121,125,157,159,160,127,129,132,133,134,165,135,166,137,167,168,138,171,139,140,145,147,149,150,173,174,178,185,153,154,196,155,156,158,197,161,199,162,164,169,170,172,175,176,177,179,180,181,183,186,187,188,189,190,192,193,194,195,198,200]","Just Point (1,15) -> Point (11,118), Point (2,10) -> Point (12,43), Point (3,6) -> Point (15,32), Point (4,11) -> Point (22,97), Point (5,13) -> Point (26,105), Point (6,1) -> Point (27,5), Point (7,14) -> Point (36,110), Point (8,2) -> Point (37,21), Point (9,20) -> Point (42,182), Point (10,3) -> Point (43,24), Point (11,4) -> Point (45,29), Point (12,5) -> Point (51,31), Point (13,7) -> Point (56,36), Point (14,8) -> Point (57,38), Point (15,9) -> Point (59,42), Point (16,12) -> Point (100,98), Point (17,16) -> Point (143,157), Point (18,17) -> Point (144,159), Point (19,18) -> Point (145,160), Point (20,19) -> Point (151,165)","leftmost conflict first",8.71 ms
20,200,6,8,"[15,10,6,11,13,1,14,2,20,3,4,5,7,8,9,12,16,17,18,19]","[11,8,4,26,25,63,3,13,66,7,118,43,60,1,32,2,35,106,141,117,142,97,10,163,55,105,5,124,12,15,6,9,16,14,146,110,21,22,23,152,122,182,24,17,29,18,131,19,20,184,31,191,27,28,30,36,38,33,42,44,50,34,51,37,39,40,41,53,45,62,70,46,47,48,71,49,52,73,77,54,56,57,58,81,59,61,64,65,83,67,84,86,68,89,94,95,69,72,74,98,99,75,76,100,78,101,102,79,80,82,85,87,88,104,108,111,90,116,119,123,126,128,91,130,136,143,92,93,96,144,103,148,107,109,112,113,114,151,115,120,121,125,157,159,160,127,129,132,133,134,165,135,166,137,167,168,138,171,139,140,145,147,149,150,173,174,178,185,153,154,196,155,156,158,197,161,199,162,164,169,170,172,175,176,177,179,180,181,183,186,187,188,189,190,192,193,194,195,198,200]","Just Point (1,15) -> Point (11,118), Point (2,10) -> Point (12,43), Point (3,6) -> Point (15,32), Point (4,11) -> Point (22,97), Point (5,13) -> Point (26,105), Point (6,1) -> Point (27,5), Point (7,14) -> Point (36,110), Point (8,2) -> Point (37,21), Point (9,20) -> Point (42,182), Point (10,3) -> Point (43,24), Point (11,4) -> Point (45,29), Point (12,5) -> Point (51,31), Point (13,7) -> Point (56,36), Point (14,8) -> Point (57,38), Point (15,9) -> Point (59,42), Point (16,12) -> Point (100,98), Point (17,16) -> Point (143,157), Point (18,17) -> Point (144,159), Point (19,18) -> Point (145,160), Point (20,19) -> Point (151,165)","rightmost conflict first",6.97 ms
20,200,6,8,"[13,10,2,20,1,5,6,3,11,4,7,8,12,18,14,15,19,9,16,17]","[50,33,2,119,1,6,42,45,120,3,133,175,106,4,123,13,24,5,7,15,148,156,8,26,9,182,25,10,29,37,43,11,12,14,16,52,53,56,59,17,18,19,60,31,36,39,20,64,70,72,49,79,82,86,97,124,21,128,137,22,23,147,27,54,28,149,66,30,164,32,166,67,34,81,83,35,185,38,188,85,192,40,41,87,88,44,91,46,47,48,51,55,57,58,98,61,62,107,63,65,110,113,68,116,131,139,69,71,140,73,141,74,145,75,153,155,162,76,165,171,174,176,77,186,78,80,84,89,90,92,196,93,200,94,95,96,99,100,101,102,103,104,105,108,109,111,112,114,115,117,118,121,122,125,126,127,129,130,132,134,135,136,138,142,143,144,146,150,151,152,154,157,158,159,160,161,163,167,168,169,170,172,173,177,178,179,180,181,183,184,187,189,190,191,193,194,195,197,198,199]","Just Point (1,13) -> Point (1,50), Point (2,10) -> Point (2,33), Point (3,2) -> Point (6,6), Point (4,20) -> Point (12,175), Point (5,1) -> Point (14,4), Point (6,5) -> Point (16,13), Point (7,6) -> Point (20,15), Point (8,3) -> Point (23,8), Point (9,11) -> Point (30,37), Point (10,4) -> Point (32,11), Point (11,7) -> Point (35,16), Point (12,8) -> Point (44,31), Point (13,12) -> Point (46,39), Point (14,18) -> Point (53,82), Point (15,14) -> Point (64,54), Point (16,15) -> Point (67,66), Point (17,19) -> Point (69,164), Point (18,9) -> Point (70,32), Point (19,16) -> Point (72,67), Point (20,17) -> Point (74,81)","leftmost conflict first",55.72 ms
20,200,6,8,"[13,10,2,20,1,5,6,3,11,4,7,8,12,18,14,15,19,9,16,17]","[50,33,2,119,1,6,42,45,120,3,133,175,106,4,123,13,24,5,7,15,148,156,8,26,9,182,25,10,29,37,43,11,12,14,16,52,53,56,59,17,18,19,60,31,36,39,20,64,70,72,49,79,82,86,97,124,21,128,137,22,23,147,27,54,28,149,66,30,164,32,166,67,34,81,83,35,185,38,188,85,192,40,41,87,88,44,91,46,47,48,51,55,57,58,98,61,62,107,63,65,110,113,68,116,131,139,69,71,140,73,141,74,145,75,153,155,162,76,165,171,174,176,77,186,78,80,84,89,90,92,196,93,200,94,95,96,99,100,101,102,103,104,105,108,109,111,112,114,115,117,118,121,122,125,126,127,129,130,132,134,135,136,138,142,143,144,146,150,151,152,154,157,158,159,160,161,163,167,168,169,170,172,173,177,178,179,180,181,183,184,187,189,190,191,193,194,195,197,198,199]","Just Point (1,13) -> Point (1,50), Point (2,10) -> Point (2,33), Point (3,2) -> Point (6,6), Point (4,20) -> Point (12,175), Point (5,1) -> Point (14,4), Point (6,5) -> Point (16,13), Point (7,6) -> Point (20,15), Point (8,3) -> Point (23,8), Point (9,11) -> Point (30,37), Point (10,4) -> Point (32,11), Point (11,7) -> Point (35,16), Point (12,8) -> Point (44,31), Point (13,12) -> Point (46,39), Point (14,18) -> Point (53,82), Point (15,14) -> Point (64,54), Point (16,15) -> Point (67,66), Point (17,19) -> Point (69,164), Point (18,9) -> Point (70,32), Point (19,16) -> Point (72,67), Point (20,17) -> Point (74,81)","rightmost conflict first",63.12 ms
20,200,6,8,"[10,3,1,2,5,4,7,17,8,9,11,6,12,13,14,19,15,16,18,20]","[95,129,24,149,127,9,1,4,3,2,5,52,13,10,6,11,22,28,29,30,7,14,32,8,15,12,17,19,34,23,37,45,57,46,16,58,78,18,55,86,31,109,137,191,59,20,33,40,63,70,73,21,75,76,42,25,26,81,27,35,82,36,48,89,98,38,39,49,41,99,43,107,44,50,47,111,51,54,56,62,64,66,67,68,53,112,114,115,69,122,130,60,61,71,79,65,80,72,135,83,84,138,74,140,77,144,87,93,96,150,160,162,85,103,104,164,88,166,108,90,120,167,170,91,92,131,173,180,94,184,139,97,142,143,100,146,101,187,102,147,188,168,174,189,105,177,192,197,106,178,110,179,193,113,194,196,199,116,117,118,119,121,123,124,125,126,128,132,133,134,136,141,145,148,151,152,153,154,155,156,157,158,159,161,163,165,169,171,172,175,176,181,182,183,185,186,190,195,198,200]","Just Point (1,10) -> Point (2,129), Point (2,3) -> Point (3,24), Point (3,1) -> Point (6,9), Point (4,2) -> Point (13,13), Point (5,5) -> Point (33,57), Point (6,4) -> Point (34,46), Point (7,7) -> Point (42,109), Point (8,17) -> Point (44,191), Point (9,8) -> Point (76,111), Point (10,9) -> Point (86,112), Point (11,11) -> Point (102,138), Point (12,6) -> Point (119,108), Point (13,12) -> Point (122,167), Point (14,13) -> Point (123,170), Point (15,14) -> Point (127,173), Point (16,19) -> Point (148,197), Point (17,15) -> Point (150,178), Point (18,16) -> Point (152,179), Point (19,18) -> Point (153,193), Point (20,20) -> Point (157,199)","leftmost conflict first",12.06 ms
20,200,6,8,"[10,3,1,2,5,4,7,17,8,9,11,6,12,13,14,19,15,16,18,20]","[95,129,24,149,127,9,1,4,3,2,5,52,13,10,6,11,22,28,29,30,7,14,32,8,15,12,17,19,34,23,37,45,57,46,16,58,78,18,55,86,31,109,137,191,59,20,33,40,63,70,73,21,75,76,42,25,26,81,27,35,82,36,48,89,98,38,39,49,41,99,43,107,44,50,47,111,51,54,56,62,64,66,67,68,53,112,114,115,69,122,130,60,61,71,79,65,80,72,135,83,84,138,74,140,77,144,87,93,96,150,160,162,85,103,104,164,88,166,108,90,120,167,170,91,92,131,173,180,94,184,139,97,142,143,100,146,101,187,102,147,188,168,174,189,105,177,192,197,106,178,110,179,193,113,194,196,199,116,117,118,119,121,123,124,125,126,128,132,133,134,136,141,145,148,151,152,153,154,155,156,157,158,159,161,163,165,169,171,172,175,176,181,182,183,185,186,190,195,198,200]","Just Point (1,10) -> Point (2,129), Point (2,3) -> Point (3,24), Point (3,1) -> Point (6,9), Point (4,2) -> Point (13,13), Point (5,5) -> Point (33,57), Point (6,4) -> Point (34,46), Point (7,7) -> Point (42,109), Point (8,17) -> Point (44,191), Point (9,8) -> Point (76,111), Point (10,9) -> Point (86,112), Point (11,11) -> Point (102,138), Point (12,6) -> Point (119,108), Point (13,12) -> Point (122,167), Point (14,13) -> Point (123,170), Point (15,14) -> Point (127,173), Point (16,19) -> Point (148,197), Point (17,15) -> Point (150,178), Point (18,16) -> Point (152,179), Point (19,18) -> Point (153,193), Point (20,20) -> Point (157,199)","rightmost conflict first",11.66 ms
20,200,6,8,"[2,4,18,1,5,6,3,10,19,20,14,17,7,8,9,11,12,13,15,16]","[1,194,101,7,152,3,197,44,42,20,10,33,84,96,64,67,118,175,100,107,145,2,4,5,6,8,9,11,12,13,14,15,16,17,18,19,21,22,23,24,25,26,27,28,29,30,31,32,34,35,36,37,38,39,40,41,43,45,46,47,48,49,50,51,52,53,54,55,56,57,58,59,60,61,62,63,65,66,68,69,70,71,72,73,74,75,76,77,78,79,80,81,82,83,85,86,87,88,89,90,91,92,93,94,95,97,98,99,102,103,104,105,106,108,109,110,111,112,113,114,115,116,117,119,120,121,122,123,124,125,126,127,128,129,130,131,132,133,134,135,136,137,138,139,140,141,142,143,144,146,147,148,149,150,151,153,154,155,156,157,158,159,160,161,162,163,164,165,166,167,168,169,170,171,172,173,174,176,177,178,179,180,181,182,183,184,185,186,187,188,189,190,191,192,193,195,196,198,199,200]","Nothing","leftmost conflict first",29.36 ms
20,200,6,8,"[2,4,18,1,5,6,3,10,19,20,14,17,7,8,9,11,12,13,15,16]","[1,194,101,7,152,3,197,44,42,20,10,33,84,96,64,67,118,175,100,107,145,2,4,5,6,8,9,11,12,13,14,15,16,17,18,19,21,22,23,24,25,26,27,28,29,30,31,32,34,35,36,37,38,39,40,41,43,45,46,47,48,49,50,51,52,53,54,55,56,57,58,59,60,61,62,63,65,66,68,69,70,71,72,73,74,75,76,77,78,79,80,81,82,83,85,86,87,88,89,90,91,92,93,94,95,97,98,99,102,103,104,105,106,108,109,110,111,112,113,114,115,116,117,119,120,121,122,123,124,125,126,127,128,129,130,131,132,133,134,135,136,137,138,139,140,141,142,143,144,146,147,148,149,150,151,153,154,155,156,157,158,159,160,161,162,163,164,165,166,167,168,169,170,171,172,173,174,176,177,178,179,180,181,182,183,184,185,186,187,188,189,190,191,192,193,195,196,198,199,200]","Nothing","rightmost conflict first",28.70 ms
20,200,6,8,"[14,1,4,20,18,2,5,7,3,6,8,9,10,11,13,17,12,15,19,16]","[1,149,92,113,2,26,33,3,124,42,4,29,78,5,79,170,30,61,89,6,101,7,135,8,154,168,187,9,188,10,11,12,13,14,15,16,17,18,19,20,21,22,23,24,25,27,28,31,32,34,35,36,37,38,39,40,41,43,44,45,46,47,48,49,50,51,52,53,54,55,56,57,58,59,60,62,63,64,65,66,67,68,69,70,71,72,73,74,75,76,77,80,81,82,83,84,85,86,87,88,90,91,93,94,95,96,97,98,99,100,102,103,104,105,106,107,108,109,110,111,112,114,115,116,117,118,119,120,121,122,123,125,126,127,128,129,130,131,132,133,134,136,137,138,139,140,141,142,143,144,145,146,147,148,150,151,152,153,155,156,157,158,159,160,161,162,163,164,165,166,167,169,171,172,173,174,175,176,177,178,179,180,181,182,183,184,185,186,189,190,191,192,193,194,195,196,197,198,199,200]","Nothing","leftmost conflict first",5.68 ms
20,200,6,8,"[14,1,4,20,18,2,5,7,3,6,8,9,10,11,13,17,12,15,19,16]","[1,149,92,113,2,26,33,3,124,42,4,29,78,5,79,170,30,61,89,6,101,7,135,8,154,168,187,9,188,10,11,12,13,14,15,16,17,18,19,20,21,22,23,24,25,27,28,31,32,34,35,36,37,38,39,40,41,43,44,45,46,47,48,49,50,51,52,53,54,55,56,57,58,59,60,62,63,64,65,66,67,68,69,70,71,72,73,74,75,76,77,80,81,82,83,84,85,86,87,88,90,91,93,94,95,96,97,98,99,100,102,103,104,105,106,107,108,109,110,111,112,114,115,116,117,118,119,120,121,122,123,125,126,127,128,129,130,131,132,133,134,136,137,138,139,140,141,142,143,144,145,146,147,148,150,151,152,153,155,156,157,158,159,160,161,162,163,164,165,166,167,169,171,172,173,174,175,176,177,178,179,180,181,182,183,184,185,186,189,190,191,192,193,194,195,196,197,198,199,200]","Nothing","rightmost conflict first",4.47 ms
20,200,6,8,"[1,4,5,19,18,6,20,3,2,7,9,11,13,14,8,16,10,12,15,17]","[56,14,77,162,12,59,2,1,167,83,166,155,181,8,3,10,17,18,4,5,6,21,23,25,7,27,9,11,31,32,43,13,47,15,16,48,52,53,19,20,22,60,61,69,70,73,24,75,26,28,78,82,29,85,30,87,33,34,92,99,101,35,109,36,37,38,110,116,120,39,40,41,121,122,42,44,45,127,135,46,49,136,50,51,140,143,54,55,146,152,154,57,159,164,172,58,62,177,63,64,184,65,66,187,67,68,191,71,192,72,74,195,76,198,199,200,79,80,81,84,86,88,89,90,91,93,94,95,96,97,98,100,102,103,104,105,106,107,108,111,112,113,114,115,117,118,119,123,124,125,126,128,129,130,131,132,133,134,137,138,139,141,142,144,145,147,148,149,150,151,153,156,157,158,160,161,163,165,168,169,170,171,173,174,175,176,178,179,180,182,183,185,186,188,189,190,193,194,196,197]","Nothing","leftmost conflict first",2.96 ms
20,200,6,8,"[1,4,5,19,18,6,20,3,2,7,9,11,13,14,8,16,10,12,15,17]","[56,14,77,162,12,59,2,1,167,83,166,155,181,8,3,10,17,18,4,5,6,21,23,25,7,27,9,11,31,32,43,13,47,15,16,48,52,53,19,20,22,60,61,69,70,73,24,75,26,28,78,82,29,85,30,87,33,34,92,99,101,35,109,36,37,38,110,116,120,39,40,41,121,122,42,44,45,127,135,46,49,136,50,51,140,143,54,55,146,152,154,57,159,164,172,58,62,177,63,64,184,65,66,187,67,68,191,71,192,72,74,195,76,198,199,200,79,80,81,84,86,88,89,90,91,93,94,95,96,97,98,100,102,103,104,105,106,107,108,111,112,113,114,115,117,118,119,123,124,125,126,128,129,130,131,132,133,134,137,138,139,141,142,144,145,147,148,149,150,151,153,156,157,158,160,161,163,165,168,169,170,171,173,174,175,176,178,179,180,182,183,185,186,188,189,190,193,194,196,197]","Nothing","rightmost conflict first",1.44 ms
20,200,6,8,"[3,2,16,5,6,1,14,10,7,12,4,8,9,11,20,13,18,19,15,17]","[4,19,1,14,2,182,30,21,3,6,91,175,17,20,34,23,5,190,27,28,43,24,37,56,45,25,57,123,52,29,31,134,63,7,8,9,33,35,36,54,38,48,59,10,151,11,66,67,64,84,170,108,187,12,77,89,114,69,71,132,153,120,72,80,158,83,169,171,141,13,15,147,178,16,78,162,18,87,22,166,26,32,39,88,40,100,85,103,41,97,42,102,115,44,116,109,119,46,47,111,49,50,118,51,129,131,53,55,58,150,60,61,62,65,165,68,70,121,73,74,75,188,189,76,79,125,128,196,135,81,136,138,144,82,86,90,148,92,93,157,94,163,172,173,185,200,95,96,98,99,101,104,105,106,107,110,112,113,117,122,124,126,127,130,133,137,139,140,142,143,145,146,149,152,154,155,156,159,160,161,164,167,168,174,176,177,179,180,181,183,184,186,191,192,193,194,195,197,198,199]","Just Point (1,3) -> Point (4,14), Point (2,2) -> Point (10,6), Point (3,16) -> Point (11,91), Point (4,5) -> Point (13,17), Point (5,6) -> Point (15,34), Point (6,1) -> Point (17,5), Point (7,14) -> Point (24,56), Point (8,10) -> Point (25,45), Point (9,7) -> Point (38,35), Point (10,12) -> Point (40,54), Point (11,4) -> Point (71,15), Point (12,8) -> Point (83,39), Point (13,9) -> Point (85,40), Point (14,11) -> Point (98,46), Point (15,20) -> Point (105,129), Point (16,13) -> Point (108,55), Point (17,18) -> Point (118,121), Point (18,19) -> Point (126,125), Point (19,15) -> Point (130,81), Point (20,17) -> Point (138,92)","leftmost conflict first",40.78 s
20,200,6,8,"[3,2,16,5,6,1,14,10,7,12,4,8,9,11,20,13,18,19,15,17]","[4,19,1,14,2,182,30,21,3,6,91,175,17,20,34,23,5,190,27,28,43,24,37,56,45,25,57,123,52,29,31,134,63,7,8,9,33,35,36,54,38,48,59,10,151,11,66,67,64,84,170,108,187,12,77,89,114,69,71,132,153,120,72,80,158,83,169,171,141,13,15,147,178,16,78,162,18,87,22,166,26,32,39,88,40,100,85,103,41,97,42,102,115,44,116,109,119,46,47,111,49,50,118,51,129,131,53,55,58,150,60,61,62,65,165,68,70,121,73,74,75,188,189,76,79,125,128,196,135,81,136,138,144,82,86,90,148,92,93,157,94,163,172,173,185,200,95,96,98,99,101,104,105,106,107,110,112,113,117,122,124,126,127,130,133,137,139,140,142,143,145,146,149,152,154,155,156,159,160,161,164,167,168,174,176,177,179,180,181,183,184,186,191,192,193,194,195,197,198,199]","Just Point (1,3) -> Point (4,14), Point (2,2) -> Point (10,6), Point (3,16) -> Point (11,91), Point (4,5) -> Point (13,17), Point (5,6) -> Point (15,34), Point (6,1) -> Point (17,5), Point (7,14) -> Point (24,56), Point (8,10) -> Point (25,45), Point (9,7) -> Point (38,35), Point (10,12) -> Point (40,54), Point (11,4) -> Point (71,15), Point (12,8) -> Point (83,39), Point (13,9) -> Point (85,40), Point (14,11) -> Point (98,46), Point (15,20) -> Point (105,129), Point (16,13) -> Point (108,55), Point (17,18) -> Point (118,121), Point (18,19) -> Point (126,125), Point (19,15) -> Point (130,81), Point (20,17) -> Point (138,92)","rightmost conflict first",41.28 s
20,200,6,8,"[2,3,10,7,20,11,1,4,9,5,13,6,8,12,14,15,16,17,18,19]","[1,4,3,9,8,59,26,2,19,15,142,32,31,179,5,65,92,39,100,84,55,117,27,188,102,33,107,6,42,120,110,61,81,7,44,127,181,50,36,62,83,95,80,122,98,113,133,99,111,10,138,123,11,134,103,106,114,12,112,167,13,189,115,116,190,118,143,14,126,191,192,16,168,151,172,17,18,20,153,21,154,164,22,23,24,25,28,29,30,34,35,37,38,40,41,43,45,46,47,48,49,51,52,53,54,56,57,58,60,63,64,66,67,68,69,70,71,72,73,74,75,76,77,78,79,82,85,86,87,88,89,90,91,93,94,96,97,101,104,105,108,109,119,121,124,125,128,129,130,131,132,135,136,137,139,140,141,144,145,146,147,148,149,150,152,155,156,157,158,159,160,161,162,163,165,166,169,170,171,173,174,175,176,177,178,180,182,183,184,185,186,187,193,194,195,196,197,198,199,200]","Just Point (1,2) -> Point (4,9), Point (2,3) -> Point (6,59), Point (3,10) -> Point (19,100), Point (4,7) -> Point (20,84), Point (5,20) -> Point (24,188), Point (6,11) -> Point (30,120), Point (7,1) -> Point (34,7), Point (8,4) -> Point (40,62), Point (9,9) -> Point (42,95), Point (10,5) -> Point (43,80), Point (11,13) -> Point (60,167), Point (12,6) -> Point (126,82), Point (13,8) -> Point (127,85), Point (14,12) -> Point (175,165), Point (15,14) -> Point (187,182), Point (16,15) -> Point (188,183), Point (17,16) -> Point (189,184), Point (18,17) -> Point (190,185), Point (19,18) -> Point (191,186), Point (20,19) -> Point (192,187)","leftmost conflict first",116.87 ms
20,200,6,8,"[2,3,10,7,20,11,1,4,9,5,13,6,8,12,14,15,16,17,18,19]","[1,4,3,9,8,59,26,2,19,15,142,32,31,179,5,65,92,39,100,84,55,117,27,188,102,33,107,6,42,120,110,61,81,7,44,127,181,50,36,62,83,95,80,122,98,113,133,99,111,10,138,123,11,134,103,106,114,12,112,167,13,189,115,116,190,118,143,14,126,191,192,16,168,151,172,17,18,20,153,21,154,164,22,23,24,25,28,29,30,34,35,37,38,40,41,43,45,46,47,48,49,51,52,53,54,56,57,58,60,63,64,66,67,68,69,70,71,72,73,74,75,76,77,78,79,82,85,86,87,88,89,90,91,93,94,96,97,101,104,105,108,109,119,121,124,125,128,129,130,131,132,135,136,137,139,140,141,144,145,146,147,148,149,150,152,155,156,157,158,159,160,161,162,163,165,166,169,170,171,173,174,175,176,177,178,180,182,183,184,185,186,187,193,194,195,196,197,198,199,200]","Just Point (1,2) -> Point (4,9), Point (2,3) -> Point (6,59), Point (3,10) -> Point (19,100), Point (4,7) -> Point (20,84), Point (5,20) -> Point (24,188), Point (6,11) -> Point (30,120), Point (7,1) -> Point (34,7), Point (8,4) -> Point (40,62), Point (9,9) -> Point (42,95), Point (10,5) -> Point (43,80), Point (11,13) -> Point (60,167), Point (12,6) -> Point (126,82), Point (13,8) -> Point (127,85), Point (14,12) -> Point (175,165), Point (15,14) -> Point (187,182), Point (16,15) -> Point (188,183), Point (17,16) -> Point (189,184), Point (18,17) -> Point (190,185), Point (19,18) -> Point (191,186), Point (20,19) -> Point (192,187)","rightmost conflict first",98.09 ms
20,200,6,8,"[1,3,9,19,4,10,8,5,6,11,2,14,7,15,20,12,16,17,13,18]","[147,121,5,57,88,144,1,153,2,3,36,4,59,70,171,74,95,99,6,7,8,105,9,10,11,12,123,13,14,139,15,160,16,182,17,18,19,20,21,22,23,24,25,26,27,28,29,30,31,32,33,34,35,37,38,39,40,41,42,43,44,45,46,47,48,49,50,51,52,53,54,55,56,58,60,61,62,63,64,65,66,67,68,69,71,72,73,75,76,77,78,79,80,81,82,83,84,85,86,87,89,90,91,92,93,94,96,97,98,100,101,102,103,104,106,107,108,109,110,111,112,113,114,115,116,117,118,119,120,122,124,125,126,127,128,129,130,131,132,133,134,135,136,137,138,140,141,142,143,145,146,148,149,150,151,152,154,155,156,157,158,159,161,162,163,164,165,166,167,168,169,170,172,173,174,175,176,177,178,179,180,181,183,184,185,186,187,188,189,190,191,192,193,194,195,196,197,198,199,200]","Nothing","leftmost conflict first",2.75 ms
20,200,6,8,"[1,3,9,19,4,10,8,5,6,11,2,14,7,15,20,12,16,17,13,18]","[147,121,5,57,88,144,1,153,2,3,36,4,59,70,171,74,95,99,6,7,8,105,9,10,11,12,123,13,14,139,15,160,16,182,17,18,19,20,21,22,23,24,25,26,27,28,29,30,31,32,33,34,35,37,38,39,40,41,42,43,44,45,46,47,48,49,50,51,52,53,54,55,56,58,60,61,62,63,64,65,66,67,68,69,71,72,73,75,76,77,78,79,80,81,82,83,84,85,86,87,89,90,91,92,93,94,96,97,98,100,101,102,103,104,106,107,108,109,110,111,112,113,114,115,116,117,118,119,120,122,124,125,126,127,128,129,130,131,132,133,134,135,136,137,138,140,141,142,143,145,146,148,149,150,151,152,154,155,156,157,158,159,161,162,163,164,165,166,167,168,169,170,172,173,174,175,176,177,178,179,180,181,183,184,185,186,187,188,189,190,191,192,193,194,195,196,197,198,199,200]","Nothing","rightmost conflict first",1.46 ms
20,200,6,8,"[1,12,2,3,7,11,5,4,6,8,13,9,10,14,15,16,17,18,19,20]","[30,5,7,110,1,53,75,2,151,133,3,4,16,17,79,198,58,81,84,24,13,6,8,85,26,31,9,32,61,10,92,11,12,108,132,134,117,119,34,14,144,15,37,18,39,149,165,170,138,19,157,56,60,160,169,63,20,21,22,66,70,23,82,86,25,27,28,29,33,87,89,98,99,35,36,38,40,100,104,41,42,43,44,45,112,46,47,113,114,116,48,122,49,124,50,127,131,51,135,52,54,140,142,152,55,57,59,154,62,163,64,65,166,67,172,68,69,71,72,73,74,175,76,77,78,80,83,182,88,90,183,197,91,200,93,94,95,96,97,101,102,103,105,106,107,109,111,115,118,120,121,123,125,126,128,129,130,136,137,139,141,143,145,146,147,148,150,153,155,156,158,159,161,162,164,167,168,171,173,174,176,177,178,179,180,181,184,185,186,187,188,189,190,191,192,193,194,195,196,199]","Just Point (1,1) -> Point (1,30), Point (2,12) -> Point (9,151), Point (3,2) -> Point (26,31), Point (4,3) -> Point (28,32), Point (5,7) -> Point (36,134), Point (6,11) -> Point (41,144), Point (7,5) -> Point (92,122), Point (8,4) -> Point (93,49), Point (9,6) -> Point (94,124), Point (10,8) -> Point (99,135), Point (11,13) -> Point (115,172), Point (12,9) -> Point (158,136), Point (13,10) -> Point (159,137), Point (14,14) -> Point (179,173), Point (15,15) -> Point (180,174), Point (16,16) -> Point (181,176), Point (17,17) -> Point (182,177), Point (18,18) -> Point (183,178), Point (19,19) -> Point (184,179), Point (20,20) -> Point (200,199)","leftmost conflict first",259.59 ms
20,200,6,8,"[1,12,2,3,7,11,5,4,6,8,13,9,10,14,15,16,17,18,19,20]","[30,5,7,110,1,53,75,2,151,133,3,4,16,17,79,198,58,81,84,24,13,6,8,85,26,31,9,32,61,10,92,11,12,108,132,134,117,119,34,14,144,15,37,18,39,149,165,170,138,19,157,56,60,160,169,63,20,21,22,66,70,23,82,86,25,27,28,29,33,87,89,98,99,35,36,38,40,100,104,41,42,43,44,45,112,46,47,113,114,116,48,122,49,124,50,127,131,51,135,52,54,140,142,152,55,57,59,154,62,163,64,65,166,67,172,68,69,71,72,73,74,175,76,77,78,80,83,182,88,90,183,197,91,200,93,94,95,96,97,101,102,103,105,106,107,109,111,115,118,120,121,123,125,126,128,129,130,136,137,139,141,143,145,146,147,148,150,153,155,156,158,159,161,162,164,167,168,171,173,174,176,177,178,179,180,181,184,185,186,187,188,189,190,191,192,193,194,195,196,199]","Just Point (1,1) -> Point (1,30), Point (2,12) -> Point (9,151), Point (3,2) -> Point (26,31), Point (4,3) -> Point (28,32), Point (5,7) -> Point (36,134), Point (6,11) -> Point (41,144), Point (7,5) -> Point (92,122), Point (8,4) -> Point (93,49), Point (9,6) -> Point (94,124), Point (10,8) -> Point (99,135), Point (11,13) -> Point (115,172), Point (12,9) -> Point (158,136), Point (13,10) -> Point (159,137), Point (14,14) -> Point (179,173), Point (15,15) -> Point (180,174), Point (16,16) -> Point (181,176), Point (17,17) -> Point (182,177), Point (18,18) -> Point (183,178), Point (19,19) -> Point (184,179), Point (20,20) -> Point (200,199)","rightmost conflict first",206.58 ms
20,200,6,8,"[11,4,20,1,15,2,10,12,13,16,18,3,5,6,7,8,9,14,17,19]","[24,26,71,160,46,48,30,59,95,50,28,112,54,175,55,122,67,132,151,31,34,81,77,87,92,148,53,60,98,91,110,113,96,1,2,127,143,152,99,196,108,119,3,4,5,130,136,6,137,146,162,173,185,192,7,8,199,9,10,11,12,13,14,15,16,17,18,19,20,21,22,23,25,27,29,32,33,35,36,37,38,39,40,41,42,43,44,45,47,49,51,52,56,57,58,61,62,63,64,65,66,68,69,70,72,73,74,75,76,78,79,80,82,83,84,85,86,88,89,90,93,94,97,100,101,102,103,104,105,106,107,109,111,114,115,116,117,118,120,121,123,124,125,126,128,129,131,133,134,135,138,139,140,141,142,144,145,147,149,150,153,154,155,156,157,158,159,161,163,164,165,166,167,168,169,170,171,172,174,176,177,178,179,180,181,182,183,184,186,187,188,189,190,191,193,194,195,197,198,200]","Nothing","leftmost conflict first",49.74 ms
20,200,6,8,"[11,4,20,1,15,2,10,12,13,16,18,3,5,6,7,8,9,14,17,19]","[24,26,71,160,46,48,30,59,95,50,28,112,54,175,55,122,67,132,151,31,34,81,77,87,92,148,53,60,98,91,110,113,96,1,2,127,143,152,99,196,108,119,3,4,5,130,136,6,137,146,162,173,185,192,7,8,199,9,10,11,12,13,14,15,16,17,18,19,20,21,22,23,25,27,29,32,33,35,36,37,38,39,40,41,42,43,44,45,47,49,51,52,56,57,58,61,62,63,64,65,66,68,69,70,72,73,74,75,76,78,79,80,82,83,84,85,86,88,89,90,93,94,97,100,101,102,103,104,105,106,107,109,111,114,115,116,117,118,120,121,123,124,125,126,128,129,131,133,134,135,138,139,140,141,142,144,145,147,149,150,153,154,155,156,157,158,159,161,163,164,165,166,167,168,169,170,171,172,174,176,177,178,179,180,181,182,183,184,186,187,188,189,190,191,193,194,195,197,198,200]","Nothing","rightmost conflict first",51.60 ms
20,200,6,8,"[10,2,5,7,1,15,3,16,8,14,19,4,6,9,11,12,13,17,18,20]","[48,51,10,95,1,105,103,6,3,12,14,72,97,155,21,81,90,141,22,64,32,113,169,35,42,2,43,4,5,45,49,7,8,9,11,55,63,13,15,67,16,75,17,18,77,19,20,78,80,23,24,25,26,27,84,28,86,29,89,93,30,31,94,33,96,98,109,34,36,112,116,118,123,37,133,139,38,151,161,162,39,40,41,44,46,165,47,171,50,175,181,182,188,52,189,191,53,54,56,57,58,59,60,61,62,65,66,68,69,70,71,73,74,76,79,82,83,85,87,88,91,92,99,100,101,102,104,106,107,108,110,111,114,115,117,119,120,121,122,124,125,126,127,128,129,130,131,132,134,135,136,137,138,140,142,143,144,145,146,147,148,149,150,152,153,154,156,157,158,159,160,163,164,166,167,168,170,172,173,174,176,177,178,179,180,183,184,185,186,187,190,192,193,194,195,196,197,198,199,200]","Nothing","leftmost conflict first",380.97 ms
20,200,6,8,"[10,2,5,7,1,15,3,16,8,14,19,4,6,9,11,12,13,17,18,20]","[48,51,10,95,1,105,103,6,3,12,14,72,97,155,21,81,90,141,22,64,32,113,169,35,42,2,43,4,5,45,49,7,8,9,11,55,63,13,15,67,16,75,17,18,77,19,20,78,80,23,24,25,26,27,84,28,86,29,89,93,30,31,94,33,96,98,109,34,36,112,116,118,123,37,133,139,38,151,161,162,39,40,41,44,46,165,47,171,50,175,181,182,188,52,189,191,53,54,56,57,58,59,60,61,62,65,66,68,69,70,71,73,74,76,79,82,83,85,87,88,91,92,99,100,101,102,104,106,107,108,110,111,114,115,117,119,120,121,122,124,125,126,127,128,129,130,131,132,134,135,136,137,138,140,142,143,144,145,146,147,148,149,150,152,153,154,156,157,158,159,160,163,164,166,167,168,170,172,173,174,176,177,178,179,180,183,184,185,186,187,190,192,193,194,195,196,197,198,199,200]","Nothing","rightmost conflict first",323.11 ms
20,200,6,8,"[20,13,1,2,10,7,14,3,16,11,4,17,5,18,6,8,9,12,15,19]","[10,15,2,7,9,49,5,43,79,158,1,6,8,30,13,11,48,16,17,70,82,3,22,112,23,4,12,14,18,25,21,19,120,127,156,26,20,24,171,27,60,31,35,63,83,89,37,28,29,90,32,33,36,34,47,53,39,101,54,105,41,109,56,38,71,40,139,42,140,52,44,84,45,58,46,61,151,155,87,65,68,72,73,50,88,91,92,51,162,165,74,55,99,107,110,76,57,168,111,113,119,81,124,59,85,125,188,196,95,62,97,64,129,115,141,144,66,67,146,123,69,130,159,160,131,152,75,161,163,166,169,167,77,78,177,80,170,86,178,172,173,93,94,174,96,179,175,176,181,183,182,185,184,187,98,191,193,100,102,190,103,194,104,106,108,114,116,117,118,121,122,126,128,132,133,134,135,136,137,138,142,143,145,147,148,149,150,153,154,157,164,180,186,189,192,195,197,198,199,200]","Just Point (1,20) -> Point (10,158), Point (2,13) -> Point (21,82), Point (3,1) -> Point (23,22), Point (4,2) -> Point (25,23), Point (5,10) -> Point (41,60), Point (6,7) -> Point (56,53), Point (7,14) -> Point (58,101), Point (8,3) -> Point (61,41), Point (9,16) -> Point (62,109), Point (10,11) -> Point (65,71), Point (11,4) -> Point (68,42), Point (12,17) -> Point (69,140), Point (13,5) -> Point (71,44), Point (14,18) -> Point (77,151), Point (15,6) -> Point (84,50), Point (16,8) -> Point (92,55), Point (17,9) -> Point (97,57), Point (18,12) -> Point (102,81), Point (19,15) -> Point (159,102), Point (20,19) -> Point (188,153)","leftmost conflict first",13.59 ms
20,200,6,8,"[20,13,1,2,10,7,14,3,16,11,4,17,5,18,6,8,9,12,15,19]","[10,15,2,7,9,49,5,43,79,158,1,6,8,30,13,11,48,16,17,70,82,3,22,112,23,4,12,14,18,25,21,19,120,127,156,26,20,24,171,27,60,31,35,63,83,89,37,28,29,90,32,33,36,34,47,53,39,101,54,105,41,109,56,38,71,40,139,42,140,52,44,84,45,58,46,61,151,155,87,65,68,72,73,50,88,91,92,51,162,165,74,55,99,107,110,76,57,168,111,113,119,81,124,59,85,125,188,196,95,62,97,64,129,115,141,144,66,67,146,123,69,130,159,160,131,152,75,161,163,166,169,167,77,78,177,80,170,86,178,172,173,93,94,174,96,179,175,176,181,183,182,185,184,187,98,191,193,100,102,190,103,194,104,106,108,114,116,117,118,121,122,126,128,132,133,134,135,136,137,138,142,143,145,147,148,149,150,153,154,157,164,180,186,189,192,195,197,198,199,200]","Just Point (1,20) -> Point (10,158), Point (2,13) -> Point (21,82), Point (3,1) -> Point (23,22), Point (4,2) -> Point (25,23), Point (5,10) -> Point (41,60), Point (6,7) -> Point (56,53), Point (7,14) -> Point (58,101), Point (8,3) -> Point (61,41), Point (9,16) -> Point (62,109), Point (10,11) -> Point (65,71), Point (11,4) -> Point (68,42), Point (12,17) -> Point (69,140), Point (13,5) -> Point (71,44), Point (14,18) -> Point (77,151), Point (15,6) -> Point (84,50), Point (16,8) -> Point (92,55), Point (17,9) -> Point (97,57), Point (18,12) -> Point (102,81), Point (19,15) -> Point (159,102), Point (20,19) -> Point (188,153)","rightmost conflict first",12.71 ms
20,200,6,8,"[1,12,16,13,11,7,2,3,9,4,5,6,8,10,14,15,17,18,19,20]","[135,1,25,47,200,179,62,24,48,67,102,2,9,19,26,3,4,5,29,6,7,8,31,37,10,11,12,45,13,52,53,14,54,57,58,61,63,15,16,17,18,68,81,20,87,21,22,23,88,27,89,91,94,97,28,30,32,33,34,35,109,117,36,121,122,128,38,131,147,148,39,40,149,155,41,156,42,161,43,162,44,46,49,164,168,169,50,181,182,51,55,56,59,60,186,64,65,66,69,199,70,71,72,73,74,75,76,77,78,79,80,82,83,84,85,86,90,92,93,95,96,98,99,100,101,103,104,105,106,107,108,110,111,112,113,114,115,116,118,119,120,123,124,125,126,127,129,130,132,133,134,136,137,138,139,140,141,142,143,144,145,146,150,151,152,153,154,157,158,159,160,163,165,166,167,170,171,172,173,174,175,176,177,178,180,183,184,185,187,188,189,190,191,192,193,194,195,196,197,198]","Nothing","leftmost conflict first",2.35 ms
20,200,6,8,"[1,12,16,13,11,7,2,3,9,4,5,6,8,10,14,15,17,18,19,20]","[135,1,25,47,200,179,62,24,48,67,102,2,9,19,26,3,4,5,29,6,7,8,31,37,10,11,12,45,13,52,53,14,54,57,58,61,63,15,16,17,18,68,81,20,87,21,22,23,88,27,89,91,94,97,28,30,32,33,34,35,109,117,36,121,122,128,38,131,147,148,39,40,149,155,41,156,42,161,43,162,44,46,49,164,168,169,50,181,182,51,55,56,59,60,186,64,65,66,69,199,70,71,72,73,74,75,76,77,78,79,80,82,83,84,85,86,90,92,93,95,96,98,99,100,101,103,104,105,106,107,108,110,111,112,113,114,115,116,118,119,120,123,124,125,126,127,129,130,132,133,134,136,137,138,139,140,141,142,143,144,145,146,150,151,152,153,154,157,158,159,160,163,165,166,167,170,171,172,173,174,175,176,177,178,180,183,184,185,187,188,189,190,191,192,193,194,195,196,197,198]","Nothing","rightmost conflict first",979.07 µs
20,200,6,8,"[1,8,2,5,10,16,12,6,14,3,19,7,9,13,4,17,11,18,15,20]","[42,58,4,104,19,65,1,35,160,31,16,97,2,47,89,198,68,95,3,83,114,20,115,88,5,118,6,30,7,137,8,34,9,41,43,171,10,182,11,63,72,75,183,92,106,195,12,13,14,15,132,150,172,17,18,21,22,23,24,25,26,27,28,29,32,33,36,37,38,39,40,44,45,46,48,49,50,51,52,53,54,55,56,57,59,60,61,62,64,66,67,69,70,71,73,74,76,77,78,79,80,81,82,84,85,86,87,90,91,93,94,96,98,99,100,101,102,103,105,107,108,109,110,111,112,113,116,117,119,120,121,122,123,124,125,126,127,128,129,130,131,133,134,135,136,138,139,140,141,142,143,144,145,146,147,148,149,151,152,153,154,155,156,157,158,159,161,162,163,164,165,166,167,168,169,170,173,174,175,176,177,178,179,180,181,184,185,186,187,188,189,190,191,192,193,194,196,197,199,200]","Nothing","leftmost conflict first",185.86 ms
20,200,6,8,"[1,8,2,5,10,16,12,6,14,3,19,7,9,13,4,17,11,18,15,20]","[42,58,4,104,19,65,1,35,160,31,16,97,2,47,89,198,68,95,3,83,114,20,115,88,5,118,6,30,7,137,8,34,9,41,43,171,10,182,11,63,72,75,183,92,106,195,12,13,14,15,132,150,172,17,18,21,22,23,24,25,26,27,28,29,32,33,36,37,38,39,40,44,45,46,48,49,50,51,52,53,54,55,56,57,59,60,61,62,64,66,67,69,70,71,73,74,76,77,78,79,80,81,82,84,85,86,87,90,91,93,94,96,98,99,100,101,102,103,105,107,108,109,110,111,112,113,116,117,119,120,121,122,123,124,125,126,127,128,129,130,131,133,134,135,136,138,139,140,141,142,143,144,145,146,147,148,149,151,152,153,154,155,156,157,158,159,161,162,163,164,165,166,167,168,169,170,173,174,175,176,177,178,179,180,181,184,185,186,187,188,189,190,191,192,193,194,196,197,199,200]","Nothing","rightmost conflict first",166.92 ms
20,200,6,8,"[3,13,7,16,15,1,4,5,2,10,14,6,8,9,11,12,17,18,19,20]","[2,108,138,151,178,1,179,106,9,105,10,154,199,139,170,3,175,11,171,4,5,12,6,13,7,8,15,16,14,17,19,18,20,23,27,21,32,38,41,22,24,42,25,26,43,48,28,29,49,30,31,53,33,57,34,58,60,35,61,63,64,36,67,37,39,68,40,44,45,69,81,82,84,85,87,90,46,47,93,50,51,96,100,52,54,55,109,112,113,56,59,114,119,62,65,122,66,124,125,70,126,128,71,72,73,133,134,135,137,74,142,75,76,146,152,77,78,79,80,83,86,153,88,89,91,92,94,155,157,95,160,161,162,97,98,99,163,101,164,102,103,172,173,104,107,110,177,184,189,111,115,191,116,194,198,200,117,118,120,121,123,127,129,130,131,132,136,140,141,143,144,145,147,148,149,150,156,158,159,165,166,167,168,169,174,176,180,181,182,183,185,186,187,188,190,192,193,195,196,197]","Just Point (1,3) -> Point (2,108), Point (2,13) -> Point (4,151), Point (3,7) -> Point (14,139), Point (4,16) -> Point (17,175), Point (5,15) -> Point (19,171), Point (6,1) -> Point (22,12), Point (7,4) -> Point (87,109), Point (8,5) -> Point (88,112), Point (9,2) -> Point (90,56), Point (10,10) -> Point (111,142), Point (11,14) -> Point (115,152), Point (12,6) -> Point (151,115), Point (13,8) -> Point (168,140), Point (14,9) -> Point (169,141), Point (15,11) -> Point (170,143), Point (16,12) -> Point (171,144), Point (17,17) -> Point (186,176), Point (18,18) -> Point (187,180), Point (19,19) -> Point (188,181), Point (20,20) -> Point (189,182)","leftmost conflict first",3.23 ms
20,200,6,8,"[3,13,7,16,15,1,4,5,2,10,14,6,8,9,11,12,17,18,19,20]","[2,108,138,151,178,1,179,106,9,105,10,154,199,139,170,3,175,11,171,4,5,12,6,13,7,8,15,16,14,17,19,18,20,23,27,21,32,38,41,22,24,42,25,26,43,48,28,29,49,30,31,53,33,57,34,58,60,35,61,63,64,36,67,37,39,68,40,44,45,69,81,82,84,85,87,90,46,47,93,50,51,96,100,52,54,55,109,112,113,56,59,114,119,62,65,122,66,124,125,70,126,128,71,72,73,133,134,135,137,74,142,75,76,146,152,77,78,79,80,83,86,153,88,89,91,92,94,155,157,95,160,161,162,97,98,99,163,101,164,102,103,172,173,104,107,110,177,184,189,111,115,191,116,194,198,200,117,118,120,121,123,127,129,130,131,132,136,140,141,143,144,145,147,148,149,150,156,158,159,165,166,167,168,169,174,176,180,181,182,183,185,186,187,188,190,192,193,195,196,197]","Just Point (1,3) -> Point (2,108), Point (2,13) -> Point (4,151), Point (3,7) -> Point (14,139), Point (4,16) -> Point (17,175), Point (5,15) -> Point (19,171), Point (6,1) -> Point (22,12), Point (7,4) -> Point (87,109), Point (8,5) -> Point (88,112), Point (9,2) -> Point (90,56), Point (10,10) -> Point (111,142), Point (11,14) -> Point (115,152), Point (12,6) -> Point (151,115), Point (13,8) -> Point (168,140), Point (14,9) -> Point (169,141), Point (15,11) -> Point (170,143), Point (16,12) -> Point (171,144), Point (17,17) -> Point (186,176), Point (18,18) -> Point (187,180), Point (19,19) -> Point (188,181), Point (20,20) -> Point (189,182)","rightmost conflict first",1.86 ms
20,200,6,8,"[10,9,3,4,2,20,1,5,6,16,8,7,13,17,18,12,19,15,11,14]","[3,15,18,107,21,66,26,1,6,186,4,19,12,2,5,40,197,7,9,33,23,10,34,41,20,42,53,54,71,56,50,11,59,69,77,81,90,87,75,8,91,17,61,70,127,142,85,115,183,119,86,89,28,94,139,110,30,36,118,131,147,149,13,95,14,16,39,177,104,126,133,141,185,144,22,151,132,24,25,27,152,134,155,136,29,140,169,171,43,31,48,182,32,60,35,200,148,150,37,65,38,170,67,44,188,45,46,189,68,199,72,76,78,79,80,82,83,47,49,84,96,100,103,51,52,55,111,57,58,62,112,63,64,113,73,116,74,88,122,125,92,93,97,98,99,143,101,102,145,105,106,156,158,108,159,109,114,160,117,167,178,180,181,120,184,190,191,121,195,196,198,123,124,128,129,130,135,137,138,146,153,154,157,161,162,163,164,165,166,168,172,173,174,175,176,179,187,192,193,194]","Nothing","leftmost conflict first",421.92 ms
20,200,6,8,"[10,9,3,4,2,20,1,5,6,16,8,7,13,17,18,12,19,15,11,14]","[3,15,18,107,21,66,26,1,6,186,4,19,12,2,5,40,197,7,9,33,23,10,34,41,20,42,53,54,71,56,50,11,59,69,77,81,90,87,75,8,91,17,61,70,127,142,85,115,183,119,86,89,28,94,139,110,30,36,118,131,147,149,13,95,14,16,39,177,104,126,133,141,185,144,22,151,132,24,25,27,152,134,155,136,29,140,169,171,43,31,48,182,32,60,35,200,148,150,37,65,38,170,67,44,188,45,46,189,68,199,72,76,78,79,80,82,83,47,49,84,96,100,103,51,52,55,111,57,58,62,112,63,64,113,73,116,74,88,122,125,92,93,97,98,99,143,101,102,145,105,106,156,158,108,159,109,114,160,117,167,178,180,181,120,184,190,191,121,195,196,198,123,124,128,129,130,135,137,138,146,153,154,157,161,162,163,164,165,166,168,172,173,174,175,176,179,187,192,193,194]","Nothing","rightmost conflict first",398.35 ms
20,200,6,8,"[1,9,3,4,2,13,5,16,11,12,6,7,8,10,14,15,17,18,19,20]","[34,1,2,118,78,170,13,4,3,26,19,6,8,5,38,7,198,9,14,75,21,106,16,43,17,24,10,33,150,63,36,40,11,136,41,44,188,12,15,18,20,45,49,189,22,23,25,50,52,53,27,28,54,55,68,29,30,70,72,31,74,76,32,35,77,37,39,42,81,46,90,93,47,96,98,48,51,99,115,56,57,119,58,122,59,127,60,61,128,62,64,65,66,67,130,131,133,69,137,139,71,73,79,80,82,83,145,84,85,146,86,149,87,88,153,154,89,91,92,94,155,156,159,160,165,95,175,180,181,97,100,184,199,101,102,103,104,105,107,108,109,110,111,112,113,114,116,117,120,121,123,124,125,126,129,132,134,135,138,140,141,142,143,144,147,148,151,152,157,158,161,162,163,164,166,167,168,169,171,172,173,174,176,177,178,179,182,183,185,186,187,190,191,192,193,194,195,196,197,200]","Just Point (1,1) -> Point (2,1), Point (2,9) -> Point (4,118), Point (3,3) -> Point (10,26), Point (4,4) -> Point (15,38), Point (5,2) -> Point (21,21), Point (6,13) -> Point (29,150), Point (7,5) -> Point (30,63), Point (8,16) -> Point (37,188), Point (9,11) -> Point (99,137), Point (10,12) -> Point (100,139), Point (11,6) -> Point (101,71), Point (12,7) -> Point (102,73), Point (13,8) -> Point (103,79), Point (14,10) -> Point (157,134), Point (15,14) -> Point (189,185), Point (16,15) -> Point (190,186), Point (17,17) -> Point (192,190), Point (18,18) -> Point (193,191), Point (19,19) -> Point (194,192), Point (20,20) -> Point (200,200)","leftmost conflict first",26.08 ms
20,200,6,8,"[1,9,3,4,2,13,5,16,11,12,6,7,8,10,14,15,17,18,19,20]","[34,1,2,118,78,170,13,4,3,26,19,6,8,5,38,7,198,9,14,75,21,106,16,43,17,24,10,33,150,63,36,40,11,136,41,44,188,12,15,18,20,45,49,189,22,23,25,50,52,53,27,28,54,55,68,29,30,70,72,31,74,76,32,35,77,37,39,42,81,46,90,93,47,96,98,48,51,99,115,56,57,119,58,122,59,127,60,61,128,62,64,65,66,67,130,131,133,69,137,139,71,73,79,80,82,83,145,84,85,146,86,149,87,88,153,154,89,91,92,94,155,156,159,160,165,95,175,180,181,97,100,184,199,101,102,103,104,105,107,108,109,110,111,112,113,114,116,117,120,121,123,124,125,126,129,132,134,135,138,140,141,142,143,144,147,148,151,152,157,158,161,162,163,164,166,167,168,169,171,172,173,174,176,177,178,179,182,183,185,186,187,190,191,192,193,194,195,196,197,200]","Just Point (1,1) -> Point (2,1), Point (2,9) -> Point (4,118), Point (3,3) -> Point (10,26), Point (4,4) -> Point (15,38), Point (5,2) -> Point (21,21), Point (6,13) -> Point (29,150), Point (7,5) -> Point (30,63), Point (8,16) -> Point (37,188), Point (9,11) -> Point (99,137), Point (10,12) -> Point (100,139), Point (11,6) -> Point (101,71), Point (12,7) -> Point (102,73), Point (13,8) -> Point (103,79), Point (14,10) -> Point (157,134), Point (15,14) -> Point (189,185), Point (16,15) -> Point (190,186), Point (17,17) -> Point (192,190), Point (18,18) -> Point (193,191), Point (19,19) -> Point (194,192), Point (20,20) -> Point (200,200)","rightmost conflict first",23.09 ms
20,200,6,8,"[2,15,3,1,5,9,10,16,14,18,17,8,4,19,20,6,7,11,12,13]","[15,166,53,102,147,112,5,51,1,121,13,17,14,2,3,4,177,23,6,30,31,33,20,187,25,7,36,8,41,9,42,48,57,43,10,11,45,12,62,47,63,16,66,18,19,67,65,21,22,69,72,24,99,26,27,28,29,107,83,32,86,118,94,95,128,135,34,97,35,153,169,37,104,38,175,117,125,132,39,146,148,149,40,150,157,44,160,46,181,195,49,50,52,54,163,173,179,180,185,55,191,56,196,58,198,59,60,61,64,68,70,71,73,74,75,76,77,78,79,80,81,82,84,85,87,88,89,90,91,92,93,96,98,100,101,103,105,106,108,109,110,111,113,114,115,116,119,120,122,123,124,126,127,129,130,131,133,134,136,137,138,139,140,141,142,143,144,145,151,152,154,155,156,158,159,161,162,164,165,167,168,170,171,172,174,176,178,182,183,184,186,188,189,190,192,193,194,197,199,200]","Nothing","leftmost conflict first",4.45 s
20,200,6,8,"[2,15,3,1,5,9,10,16,14,18,17,8,4,19,20,6,7,11,12,13]","[15,166,53,102,147,112,5,51,1,121,13,17,14,2,3,4,177,23,6,30,31,33,20,187,25,7,36,8,41,9,42,48,57,43,10,11,45,12,62,47,63,16,66,18,19,67,65,21,22,69,72,24,99,26,27,28,29,107,83,32,86,118,94,95,128,135,34,97,35,153,169,37,104,38,175,117,125,132,39,146,148,149,40,150,157,44,160,46,181,195,49,50,52,54,163,173,179,180,185,55,191,56,196,58,198,59,60,61,64,68,70,71,73,74,75,76,77,78,79,80,81,82,84,85,87,88,89,90,91,92,93,96,98,100,101,103,105,106,108,109,110,111,113,114,115,116,119,120,122,123,124,126,127,129,130,131,133,134,136,137,138,139,140,141,142,143,144,145,151,152,154,155,156,158,159,161,162,164,165,167,168,170,171,172,174,176,178,182,183,184,186,188,189,190,192,193,194,197,199,200]","Nothing","rightmost conflict first",3.65 s
20,200,6,8,"[1,2,3,4,11,14,5,6,13,9,8,10,15,16,7,12,18,17,20,19]","[117,155,162,6,10,1,15,26,19,17,92,2,146,25,21,30,39,40,22,50,3,4,56,169,24,5,31,7,60,81,95,132,64,8,73,9,150,186,11,77,90,101,12,103,123,125,127,13,14,16,18,136,139,165,166,20,23,27,28,29,32,33,34,35,36,37,38,41,42,43,44,45,46,47,48,49,51,52,53,54,55,57,58,59,61,62,63,65,66,67,68,69,70,71,72,74,75,76,78,79,80,82,83,84,85,86,87,88,89,91,93,94,96,97,98,99,100,102,104,105,106,107,108,109,110,111,112,113,114,115,116,118,119,120,121,122,124,126,128,129,130,131,133,134,135,137,138,140,141,142,143,144,145,147,148,149,151,152,153,154,156,157,158,159,160,161,163,164,167,168,170,171,172,173,174,175,176,177,178,179,180,181,182,183,184,185,187,188,189,190,191,192,193,194,195,196,197,198,199,200]","Nothing","leftmost conflict first",71.85 ms
20,200,6,8,"[1,2,3,4,11,14,5,6,13,9,8,10,15,16,7,12,18,17,20,19]","[117,155,162,6,10,1,15,26,19,17,92,2,146,25,21,30,39,40,22,50,3,4,56,169,24,5,31,7,60,81,95,132,64,8,73,9,150,186,11,77,90,101,12,103,123,125,127,13,14,16,18,136,139,165,166,20,23,27,28,29,32,33,34,35,36,37,38,41,42,43,44,45,46,47,48,49,51,52,53,54,55,57,58,59,61,62,63,65,66,67,68,69,70,71,72,74,75,76,78,79,80,82,83,84,85,86,87,88,89,91,93,94,96,97,98,99,100,102,104,105,106,107,108,109,110,111,112,113,114,115,116,118,119,120,121,122,124,126,128,129,130,131,133,134,135,137,138,140,141,142,143,144,145,147,148,149,151,152,153,154,156,157,158,159,160,161,163,164,167,168,170,171,172,173,174,175,176,177,178,179,180,181,182,183,184,185,187,188,189,190,191,192,193,194,195,196,197,198,199,200]","Nothing","rightmost conflict first",61.18 ms
20,200,6,8,"[3,11,1,2,4,5,7,9,6,15,16,12,13,20,8,10,14,17,18,19]","[89,174,170,2,1,47,120,135,82,7,175,9,71,10,11,13,3,4,5,6,8,14,12,15,16,17,19,18,25,26,20,27,21,22,28,32,34,23,24,35,29,30,36,31,33,40,44,37,38,46,39,48,41,42,51,43,52,53,57,58,45,60,61,49,50,65,66,67,54,55,73,75,76,56,59,80,87,62,88,92,93,94,96,63,99,64,68,69,101,70,72,74,102,77,78,79,81,83,109,115,116,121,84,85,86,90,91,95,97,122,98,100,103,104,124,125,105,106,107,108,126,110,111,127,130,112,136,113,138,114,117,139,118,119,123,128,140,143,148,150,151,129,157,131,158,132,133,134,137,141,159,161,142,163,144,164,166,145,168,169,146,173,180,181,182,147,149,152,183,153,187,188,190,191,194,154,198,155,199,156,160,162,165,167,171,172,176,177,178,179,184,185,186,189,192,193,195,196,197,200]","Nothing","leftmost conflict first",3.29 s
20,200,6,8,"[3,11,1,2,4,5,7,9,6,15,16,12,13,20,8,10,14,17,18,19]","[89,174,170,2,1,47,120,135,82,7,175,9,71,10,11,13,3,4,5,6,8,14,12,15,16,17,19,18,25,26,20,27,21,22,28,32,34,23,24,35,29,30,36,31,33,40,44,37,38,46,39,48,41,42,51,43,52,53,57,58,45,60,61,49,50,65,66,67,54,55,73,75,76,56,59,80,87,62,88,92,93,94,96,63,99,64,68,69,101,70,72,74,102,77,78,79,81,83,109,115,116,121,84,85,86,90,91,95,97,122,98,100,103,104,124,125,105,106,107,108,126,110,111,127,130,112,136,113,138,114,117,139,118,119,123,128,140,143,148,150,151,129,157,131,158,132,133,134,137,141,159,161,142,163,144,164,166,145,168,169,146,173,180,181,182,147,149,152,183,153,187,188,190,191,194,154,198,155,199,156,160,162,165,167,171,172,176,177,178,179,184,185,186,189,192,193,195,196,197,200]","Nothing","rightmost conflict first",2.99 s
20,200,6,8,"[10,7,13,14,12,4,9,1,2,11,18,15,3,20,5,6,8,16,17,19]","[57,185,61,2,5,74,186,11,14,131,6,7,98,8,1,3,105,107,18,4,9,10,22,119,33,12,47,13,15,16,19,71,17,162,93,20,23,94,28,21,29,24,25,108,30,26,31,27,114,124,32,34,35,36,37,140,38,39,40,41,144,42,43,170,45,44,48,46,49,191,52,59,50,64,67,70,72,73,51,53,75,76,78,54,55,56,58,80,82,83,85,60,87,62,89,63,90,65,95,96,66,100,68,69,102,112,77,113,115,79,81,118,120,84,121,122,123,86,125,88,126,127,91,128,92,129,130,133,97,99,101,103,134,104,106,109,110,141,143,111,147,149,116,117,132,152,153,135,156,136,137,157,158,138,163,139,165,142,167,145,146,169,174,175,176,148,178,181,189,150,151,154,155,192,196,159,197,160,161,199,164,166,168,171,172,173,177,179,180,182,183,184,187,188,190,193,194,195,198,200]","Nothing","leftmost conflict first",6.24 ms
20,200,6,8,"[10,7,13,14,12,4,9,1,2,11,18,15,3,20,5,6,8,16,17,19]","[57,185,61,2,5,74,186,11,14,131,6,7,98,8,1,3,105,107,18,4,9,10,22,119,33,12,47,13,15,16,19,71,17,162,93,20,23,94,28,21,29,24,25,108,30,26,31,27,114,124,32,34,35,36,37,140,38,39,40,41,144,42,43,170,45,44,48,46,49,191,52,59,50,64,67,70,72,73,51,53,75,76,78,54,55,56,58,80,82,83,85,60,87,62,89,63,90,65,95,96,66,100,68,69,102,112,77,113,115,79,81,118,120,84,121,122,123,86,125,88,126,127,91,128,92,129,130,133,97,99,101,103,134,104,106,109,110,141,143,111,147,149,116,117,132,152,153,135,156,136,137,157,158,138,163,139,165,142,167,145,146,169,174,175,176,148,178,181,189,150,151,154,155,192,196,159,197,160,161,199,164,166,168,171,172,173,177,179,180,182,183,184,187,188,190,193,194,195,198,200]","Nothing","rightmost conflict first",4.48 ms
20,200,6,8,"[10,19,1,2,5,3,16,4,8,11,17,20,6,7,18,9,12,13,14,15]","[6,5,1,3,11,4,108,17,20,16,14,121,26,46,23,8,22,50,57,28,2,32,44,37,58,68,42,7,9,31,69,80,36,83,72,84,12,73,13,38,85,15,91,10,18,89,92,102,41,48,51,61,74,24,63,117,97,19,21,27,140,29,93,99,136,101,25,157,95,107,33,111,160,142,191,146,155,30,133,194,172,147,35,186,34,156,39,40,159,161,195,43,45,49,52,47,197,64,66,166,169,170,53,70,173,178,179,77,78,79,54,86,55,56,59,181,60,96,106,109,62,115,185,118,65,119,67,71,75,76,122,187,125,81,200,82,126,87,128,88,90,132,94,137,98,144,100,145,103,148,104,152,162,164,105,110,165,112,113,114,184,116,120,198,123,124,127,129,130,131,134,135,138,139,141,143,149,150,151,153,154,158,163,167,168,171,174,175,176,177,180,182,183,188,189,190,192,193,196,199]","Nothing","leftmost conflict first",10.96 s
20,200,6,8,"[10,19,1,2,5,3,16,4,8,11,17,20,6,7,18,9,12,13,14,15]","[6,5,1,3,11,4,108,17,20,16,14,121,26,46,23,8,22,50,57,28,2,32,44,37,58,68,42,7,9,31,69,80,36,83,72,84,12,73,13,38,85,15,91,10,18,89,92,102,41,48,51,61,74,24,63,117,97,19,21,27,140,29,93,99,136,101,25,157,95,107,33,111,160,142,191,146,155,30,133,194,172,147,35,186,34,156,39,40,159,161,195,43,45,49,52,47,197,64,66,166,169,170,53,70,173,178,179,77,78,79,54,86,55,56,59,181,60,96,106,109,62,115,185,118,65,119,67,71,75,76,122,187,125,81,200,82,126,87,128,88,90,132,94,137,98,144,100,145,103,148,104,152,162,164,105,110,165,112,113,114,184,116,120,198,123,124,127,129,130,131,134,135,138,139,141,143,149,150,151,153,154,158,163,167,168,171,174,175,176,177,180,182,183,188,189,190,192,193,196,199]","Nothing","rightmost conflict first",13.20 s
20,200,6,8,"[1,17,2,3,12,4,6,5,13,16,7,19,11,8,18,20,9,10,14,15]","[133,36,175,4,76,54,79,14,22,1,62,2,67,3,5,72,6,126,109,10,152,11,80,169,16,7,141,185,8,9,196,12,13,17,18,20,23,15,19,84,21,26,24,30,95,25,27,113,165,28,33,34,29,31,37,32,38,35,39,43,46,47,40,41,49,42,44,45,51,48,52,55,56,50,64,71,53,57,58,59,74,81,60,85,86,87,88,61,91,63,65,66,68,93,69,97,99,70,100,104,73,75,105,77,78,107,82,115,118,83,120,89,90,92,94,121,96,98,101,102,128,132,103,134,135,136,137,148,149,106,158,108,110,111,159,162,112,114,164,166,170,172,174,116,176,117,179,119,122,180,123,181,124,125,127,129,189,130,194,131,138,198,199,139,200,140,142,143,144,145,146,147,150,151,153,154,155,156,157,160,161,163,167,168,171,173,177,178,182,183,184,186,187,188,190,191,192,193,195,197]","Nothing","leftmost conflict first",408.11 ms
20,200,6,8,"[1,17,2,3,12,4,6,5,13,16,7,19,11,8,18,20,9,10,14,15]","[133,36,175,4,76,54,79,14,22,1,62,2,67,3,5,72,6,126,109,10,152,11,80,169,16,7,141,185,8,9,196,12,13,17,18,20,23,15,19,84,21,26,24,30,95,25,27,113,165,28,33,34,29,31,37,32,38,35,39,43,46,47,40,41,49,42,44,45,51,48,52,55,56,50,64,71,53,57,58,59,74,81,60,85,86,87,88,61,91,63,65,66,68,93,69,97,99,70,100,104,73,75,105,77,78,107,82,115,118,83,120,89,90,92,94,121,96,98,101,102,128,132,103,134,135,136,137,148,149,106,158,108,110,111,159,162,112,114,164,166,170,172,174,116,176,117,179,119,122,180,123,181,124,125,127,129,189,130,194,131,138,198,199,139,200,140,142,143,144,145,146,147,150,151,153,154,155,156,157,160,161,163,167,168,171,173,177,178,182,183,184,186,187,188,190,191,192,193,195,197]","Nothing","rightmost conflict first",440.90 ms
20,200,6,8,"[20,14,1,2,3,19,5,4,11,6,12,7,8,18,13,9,10,15,16,17]","[31,1,114,2,8,37,99,184,3,42,6,5,51,4,17,7,11,53,12,9,10,62,14,98,15,20,13,16,18,21,107,39,23,19,121,22,124,25,24,26,128,27,54,29,35,38,40,43,56,58,44,28,154,33,174,30,45,46,47,32,48,34,49,175,59,36,41,50,52,64,189,55,68,57,72,70,74,84,60,65,66,61,71,63,85,67,75,92,69,76,77,79,80,81,95,94,73,106,102,110,103,111,117,83,122,88,78,104,125,82,130,86,116,139,105,140,142,87,118,108,126,112,134,138,119,123,129,148,141,149,131,188,89,133,136,157,144,90,91,193,160,145,93,161,162,163,200,165,166,167,169,170,172,171,176,181,177,96,187,196,186,191,97,195,100,199,101,198,109,113,115,120,127,132,135,137,143,146,147,150,151,152,153,155,156,158,159,164,168,173,178,179,180,182,183,185,190,192,194,197]","Just Point (1,20) -> Point (8,184), Point (2,14) -> Point (35,121), Point (3,1) -> Point (43,54), Point (4,2) -> Point (49,56), Point (5,3) -> Point (50,58), Point (6,19) -> Point (53,154), Point (7,5) -> Point (75,72), Point (8,4) -> Point (76,70), Point (9,11) -> Point (100,110), Point (10,6) -> Point (101,103), Point (11,12) -> Point (102,111), Point (12,7) -> Point (108,104), Point (13,8) -> Point (115,105), Point (14,18) -> Point (116,140), Point (15,13) -> Point (119,118), Point (16,9) -> Point (120,108), Point (17,10) -> Point (169,109), Point (18,15) -> Point (173,127), Point (19,16) -> Point (174,132), Point (20,17) -> Point (176,137)","leftmost conflict first",539.31 ms
20,200,6,8,"[20,14,1,2,3,19,5,4,11,6,12,7,8,18,13,9,10,15,16,17]","[31,1,114,2,8,37,99,184,3,42,6,5,51,4,17,7,11,53,12,9,10,62,14,98,15,20,13,16,18,21,107,39,23,19,121,22,124,25,24,26,128,27,54,29,35,38,40,43,56,58,44,28,154,33,174,30,45,46,47,32,48,34,49,175,59,36,41,50,52,64,189,55,68,57,72,70,74,84,60,65,66,61,71,63,85,67,75,92,69,76,77,79,80,81,95,94,73,106,102,110,103,111,117,83,122,88,78,104,125,82,130,86,116,139,105,140,142,87,118,108,126,112,134,138,119,123,129,148,141,149,131,188,89,133,136,157,144,90,91,193,160,145,93,161,162,163,200,165,166,167,169,170,172,171,176,181,177,96,187,196,186,191,97,195,100,199,101,198,109,113,115,120,127,132,135,137,143,146,147,150,151,152,153,155,156,158,159,164,168,173,178,179,180,182,183,185,190,192,194,197]","Just Point (1,20) -> Point (8,184), Point (2,14) -> Point (35,121), Point (3,1) -> Point (43,54), Point (4,2) -> Point (49,56), Point (5,3) -> Point (50,58), Point (6,19) -> Point (53,154), Point (7,5) -> Point (75,72), Point (8,4) -> Point (76,70), Point (9,11) -> Point (100,110), Point (10,6) -> Point (101,103), Point (11,12) -> Point (102,111), Point (12,7) -> Point (108,104), Point (13,8) -> Point (115,105), Point (14,18) -> Point (116,140), Point (15,13) -> Point (119,118), Point (16,9) -> Point (120,108), Point (17,10) -> Point (169,109), Point (18,15) -> Point (173,127), Point (19,16) -> Point (174,132), Point (20,17) -> Point (176,137)","rightmost conflict first",810.53 ms
20,200,6,8,"[12,18,16,1,2,6,19,8,4,11,17,20,3,5,7,9,10,13,14,15]","[1,2,8,28,95,4,42,3,5,98,7,26,160,32,6,44,9,53,50,84,141,57,22,64,24,150,158,185,72,54,77,92,10,96,113,74,11,12,76,114,78,154,13,159,83,182,123,131,14,89,91,186,191,93,99,152,101,106,15,16,107,17,18,120,124,128,19,20,130,138,139,21,143,23,25,27,145,29,146,151,155,30,31,33,157,170,34,173,177,179,35,181,187,36,196,197,37,38,39,40,41,43,45,46,47,48,49,51,52,55,56,58,59,60,61,62,63,65,66,67,68,69,70,71,73,75,79,80,81,82,85,86,87,88,90,94,97,100,102,103,104,105,108,109,110,111,112,115,116,117,118,119,121,122,125,126,127,129,132,133,134,135,136,137,140,142,144,147,148,149,153,156,161,162,163,164,165,166,167,168,169,171,172,174,175,176,178,180,183,184,188,189,190,192,193,194,195,198,199,200]","Nothing","leftmost conflict first",22.06 ms
20,200,6,8,"[12,18,16,1,2,6,19,8,4,11,17,20,3,5,7,9,10,13,14,15]","[1,2,8,28,95,4,42,3,5,98,7,26,160,32,6,44,9,53,50,84,141,57,22,64,24,150,158,185,72,54,77,92,10,96,113,74,11,12,76,114,78,154,13,159,83,182,123,131,14,89,91,186,191,93,99,152,101,106,15,16,107,17,18,120,124,128,19,20,130,138,139,21,143,23,25,27,145,29,146,151,155,30,31,33,157,170,34,173,177,179,35,181,187,36,196,197,37,38,39,40,41,43,45,46,47,48,49,51,52,55,56,58,59,60,61,62,63,65,66,67,68,69,70,71,73,75,79,80,81,82,85,86,87,88,90,94,97,100,102,103,104,105,108,109,110,111,112,115,116,117,118,119,121,122,125,126,127,129,132,133,134,135,136,137,140,142,144,147,148,149,153,156,161,162,163,164,165,166,167,168,169,171,172,174,175,176,178,180,183,184,188,189,190,192,193,194,195,198,199,200]","Nothing","rightmost conflict first",24.67 ms
20,200,6,8,"[1,2,3,9,6,7,8,4,14,11,17,5,18,10,13,12,16,20,15,19]","[24,2,38,7,1,9,5,50,11,56,12,15,136,71,150,16,3,4,28,17,8,6,30,98,42,72,21,100,101,27,31,35,183,10,13,14,37,39,52,18,19,112,148,158,54,170,20,185,189,57,22,23,25,61,62,193,64,26,65,66,29,32,33,67,68,34,36,69,74,76,40,41,78,79,43,80,44,82,45,46,47,83,48,49,51,53,84,85,55,86,58,89,59,60,91,93,63,94,95,70,103,104,106,107,110,113,73,114,75,116,117,77,81,118,87,121,123,88,127,90,132,92,96,133,97,99,135,102,105,108,109,111,115,119,138,120,122,140,142,124,125,126,143,145,128,129,130,147,151,156,131,134,137,139,157,141,144,146,159,149,152,153,160,154,161,155,162,171,173,163,174,164,165,166,167,168,169,175,180,186,187,172,188,176,177,178,179,181,190,182,191,184,194,197,198,192,195,196,199,200]","Nothing","leftmost conflict first",1.08 s
20,200,6,8,"[1,2,3,9,6,7,8,4,14,11,17,5,18,10,13,12,16,20,15,19]","[24,2,38,7,1,9,5,50,11,56,12,15,136,71,150,16,3,4,28,17,8,6,30,98,42,72,21,100,101,27,31,35,183,10,13,14,37,39,52,18,19,112,148,158,54,170,20,185,189,57,22,23,25,61,62,193,64,26,65,66,29,32,33,67,68,34,36,69,74,76,40,41,78,79,43,80,44,82,45,46,47,83,48,49,51,53,84,85,55,86,58,89,59,60,91,93,63,94,95,70,103,104,106,107,110,113,73,114,75,116,117,77,81,118,87,121,123,88,127,90,132,92,96,133,97,99,135,102,105,108,109,111,115,119,138,120,122,140,142,124,125,126,143,145,128,129,130,147,151,156,131,134,137,139,157,141,144,146,159,149,152,153,160,154,161,155,162,171,173,163,174,164,165,166,167,168,169,175,180,186,187,172,188,176,177,178,179,181,190,182,191,184,194,197,198,192,195,196,199,200]","Nothing","rightmost conflict first",922.68 ms
20,200,6,8,"[7,13,1,17,4,2,9,14,15,3,10,5,6,8,11,12,16,18,19,20]","[69,6,90,4,126,89,13,127,16,18,3,95,22,11,23,45,1,158,2,82,97,147,21,7,30,5,164,25,9,8,12,168,10,27,39,42,31,52,33,14,176,190,56,17,61,15,40,19,26,28,20,24,50,32,88,195,34,98,29,51,35,36,37,47,38,41,107,43,48,54,64,53,58,60,65,66,67,68,44,111,81,112,114,83,141,70,143,92,145,99,72,150,100,154,178,73,108,84,85,109,46,49,87,55,57,59,93,94,101,117,102,118,62,63,71,103,104,105,110,113,120,125,139,144,119,74,148,121,149,122,123,75,159,171,76,129,172,131,132,77,133,78,79,135,80,86,174,136,91,177,96,106,137,138,179,181,115,183,142,187,189,116,146,152,193,124,194,153,128,130,155,156,134,140,157,161,200,151,160,162,163,166,170,165,167,169,182,184,173,188,175,180,191,196,185,186,192,197,198,199]","Just Point (1,7) -> Point (3,90), Point (2,13) -> Point (5,126), Point (3,1) -> Point (7,13), Point (4,17) -> Point (18,158), Point (5,4) -> Point (20,82), Point (6,2) -> Point (23,21), Point (7,9) -> Point (58,98), Point (8,14) -> Point (92,150), Point (9,15) -> Point (94,154), Point (10,3) -> Point (96,73), Point (11,10) -> Point (97,108), Point (12,5) -> Point (98,84), Point (13,6) -> Point (99,85), Point (14,8) -> Point (107,93), Point (15,11) -> Point (110,117), Point (16,12) -> Point (112,118), Point (17,16) -> Point (171,155), Point (18,18) -> Point (194,196), Point (19,19) -> Point (198,197), Point (20,20) -> Point (199,198)","leftmost conflict first",1.33 s
20,200,6,8,"[7,13,1,17,4,2,9,14,15,3,10,5,6,8,11,12,16,18,19,20]","[69,6,90,4,126,89,13,127,16,18,3,95,22,11,23,45,1,158,2,82,97,147,21,7,30,5,164,25,9,8,12,168,10,27,39,42,31,52,33,14,176,190,56,17,61,15,40,19,26,28,20,24,50,32,88,195,34,98,29,51,35,36,37,47,38,41,107,43,48,54,64,53,58,60,65,66,67,68,44,111,81,112,114,83,141,70,143,92,145,99,72,150,100,154,178,73,108,84,85,109,46,49,87,55,57,59,93,94,101,117,102,118,62,63,71,103,104,105,110,113,120,125,139,144,119,74,148,121,149,122,123,75,159,171,76,129,172,131,132,77,133,78,79,135,80,86,174,136,91,177,96,106,137,138,179,181,115,183,142,187,189,116,146,152,193,124,194,153,128,130,155,156,134,140,157,161,200,151,160,162,163,166,170,165,167,169,182,184,173,188,175,180,191,196,185,186,192,197,198,199]","Just Point (1,7) -> Point (3,90), Point (2,13) -> Point (5,126), Point (3,1) -> Point (7,13), Point (4,17) -> Point (18,158), Point (5,4) -> Point (20,82), Point (6,2) -> Point (23,21), Point (7,9) -> Point (58,98), Point (8,14) -> Point (92,150), Point (9,15) -> Point (94,154), Point (10,3) -> Point (96,73), Point (11,10) -> Point (97,108), Point (12,5) -> Point (98,84), Point (13,6) -> Point (99,85), Point (14,8) -> Point (107,93), Point (15,11) -> Point (110,117), Point (16,12) -> Point (112,118), Point (17,16) -> Point (171,155), Point (18,18) -> Point (194,196), Point (19,19) -> Point (198,197), Point (20,20) -> Point (199,198)","rightmost conflict first",1.36 s
20,200,6,8,"[4,15,5,10,6,18,7,16,8,9,11,1,2,12,17,13,14,3,19,20]","[1,71,4,142,20,9,32,47,2,12,16,53,26,39,111,3,25,5,50,6,55,128,7,34,130,72,28,196,114,101,153,62,8,29,115,121,150,36,75,10,166,38,42,43,44,52,11,108,56,155,13,58,14,15,59,17,60,67,68,18,19,77,21,79,22,81,23,24,84,85,91,27,30,92,31,33,93,35,94,96,97,98,37,40,41,45,99,46,104,48,49,51,54,57,61,106,63,117,64,119,65,120,66,69,70,126,127,73,129,133,135,143,74,76,144,78,145,80,82,151,83,156,86,158,87,159,88,160,89,90,168,95,169,171,100,172,177,179,102,103,105,184,107,185,186,187,109,193,194,197,199,110,112,200,113,116,118,122,123,124,125,131,132,134,136,137,138,139,140,141,146,147,148,149,152,154,157,161,162,163,164,165,167,170,173,174,175,176,178,180,181,182,183,188,189,190,191,192,195,198]","Nothing","leftmost conflict first",1.45 s
20,200,6,8,"[4,15,5,10,6,18,7,16,8,9,11,1,2,12,17,13,14,3,19,20]","[1,71,4,142,20,9,32,47,2,12,16,53,26,39,111,3,25,5,50,6,55,128,7,34,130,72,28,196,114,101,153,62,8,29,115,121,150,36,75,10,166,38,42,43,44,52,11,108,56,155,13,58,14,15,59,17,60,67,68,18,19,77,21,79,22,81,23,24,84,85,91,27,30,92,31,33,93,35,94,96,97,98,37,40,41,45,99,46,104,48,49,51,54,57,61,106,63,117,64,119,65,120,66,69,70,126,127,73,129,133,135,143,74,76,144,78,145,80,82,151,83,156,86,158,87,159,88,160,89,90,168,95,169,171,100,172,177,179,102,103,105,184,107,185,186,187,109,193,194,197,199,110,112,200,113,116,118,122,123,124,125,131,132,134,136,137,138,139,140,141,146,147,148,149,152,154,157,161,162,163,164,165,167,170,173,174,175,176,178,180,181,182,183,188,189,190,191,192,195,198]","Nothing","rightmost conflict first",1.29 s
20,200,6,8,"[1,6,3,18,10,5,11,7,15,2,4,20,8,9,12,13,14,16,17,19]","[19,156,38,126,141,1,4,180,7,140,144,2,164,9,59,3,66,106,5,6,8,10,11,116,12,121,135,154,161,13,14,15,16,162,17,18,20,175,21,22,23,24,25,176,26,27,28,29,30,31,32,33,34,35,36,37,39,40,41,42,43,44,45,46,47,48,49,50,51,52,53,54,55,56,57,58,60,61,62,63,64,65,67,68,69,70,71,72,73,74,75,76,77,78,79,80,81,82,83,84,85,86,87,88,89,90,91,92,93,94,95,96,97,98,99,100,101,102,103,104,105,107,108,109,110,111,112,113,114,115,117,118,119,120,122,123,124,125,127,128,129,130,131,132,133,134,136,137,138,139,142,143,145,146,147,148,149,150,151,152,153,155,157,158,159,160,163,165,166,167,168,169,170,171,172,173,174,177,178,179,181,182,183,184,185,186,187,188,189,190,191,192,193,194,195,196,197,198,199,200]","Nothing","leftmost conflict first",2.94 ms
20,200,6,8,"[1,6,3,18,10,5,11,7,15,2,4,20,8,9,12,13,14,16,17,19]","[19,156,38,126,141,1,4,180,7,140,144,2,164,9,59,3,66,106,5,6,8,10,11,116,12,121,135,154,161,13,14,15,16,162,17,18,20,175,21,22,23,24,25,176,26,27,28,29,30,31,32,33,34,35,36,37,39,40,41,42,43,44,45,46,47,48,49,50,51,52,53,54,55,56,57,58,60,61,62,63,64,65,67,68,69,70,71,72,73,74,75,76,77,78,79,80,81,82,83,84,85,86,87,88,89,90,91,92,93,94,95,96,97,98,99,100,101,102,103,104,105,107,108,109,110,111,112,113,114,115,117,118,119,120,122,123,124,125,127,128,129,130,131,132,133,134,136,137,138,139,142,143,145,146,147,148,149,150,151,152,153,155,157,158,159,160,163,165,166,167,168,169,170,171,172,173,174,177,178,179,181,182,183,184,185,186,187,188,189,190,191,192,193,194,195,196,197,198,199,200]","Nothing","rightmost conflict first",1.72 ms
20,200,6,8,"[9,4,17,3,1,2,5,7,8,10,11,12,6,14,15,13,16,18,19,20]","[163,174,1,133,139,126,191,129,178,2,127,3,4,5,6,7,8,9,10,11,12,13,14,15,16,17,18,19,20,21,22,23,24,25,26,27,28,29,30,31,32,33,34,35,36,37,38,39,40,41,42,43,44,45,46,47,48,49,50,51,52,53,54,55,56,57,58,59,60,61,62,63,64,65,66,67,68,69,70,71,72,73,74,75,76,77,78,79,80,81,82,83,84,85,86,87,88,89,90,91,92,93,94,95,96,97,98,99,100,101,102,103,104,105,106,107,108,109,110,111,112,113,114,115,116,117,118,119,120,121,122,123,124,125,128,130,131,132,134,135,136,137,138,140,141,142,143,144,145,146,147,148,149,150,151,152,153,154,155,156,157,158,159,160,161,162,164,165,166,167,168,169,170,171,172,173,175,176,177,179,180,181,182,183,184,185,186,187,188,189,190,192,193,194,195,196,197,198,199,200]","Nothing","leftmost conflict first",3.58 ms
20,200,6,8,"[9,4,17,3,1,2,5,7,8,10,11,12,6,14,15,13,16,18,19,20]","[163,174,1,133,139,126,191,129,178,2,127,3,4,5,6,7,8,9,10,11,12,13,14,15,16,17,18,19,20,21,22,23,24,25,26,27,28,29,30,31,32,33,34,35,36,37,38,39,40,41,42,43,44,45,46,47,48,49,50,51,52,53,54,55,56,57,58,59,60,61,62,63,64,65,66,67,68,69,70,71,72,73,74,75,76,77,78,79,80,81,82,83,84,85,86,87,88,89,90,91,92,93,94,95,96,97,98,99,100,101,102,103,104,105,106,107,108,109,110,111,112,113,114,115,116,117,118,119,120,121,122,123,124,125,128,130,131,132,134,135,136,137,138,140,141,142,143,144,145,146,147,148,149,150,151,152,153,154,155,156,157,158,159,160,161,162,164,165,166,167,168,169,170,171,172,173,175,176,177,179,180,181,182,183,184,185,186,187,188,189,190,192,193,194,195,196,197,198,199,200]","Nothing","rightmost conflict first",2.48 ms
20,200,6,8,"[1,20,6,2,5,13,10,3,4,12,7,19,15,8,9,11,14,16,17,18]","[3,20,165,1,32,13,5,33,91,41,77,89,46,53,2,29,56,66,44,4,105,102,6,108,49,24,76,90,26,7,93,115,8,9,30,153,35,10,197,117,11,85,98,133,142,155,167,36,177,12,193,42,196,191,51,69,70,72,14,15,16,79,17,82,18,87,19,21,111,119,120,121,127,134,22,23,25,27,28,135,138,31,156,158,34,160,161,162,37,163,164,38,39,40,43,45,47,173,183,48,187,50,189,52,194,54,55,57,58,59,60,61,62,63,64,65,67,68,71,73,74,75,78,80,81,83,84,86,88,92,94,95,96,97,99,100,101,103,104,106,107,109,110,112,113,114,116,118,122,123,124,125,126,128,129,130,131,132,136,137,139,140,141,143,144,145,146,147,148,149,150,151,152,154,157,159,166,168,169,170,171,172,174,175,176,178,179,180,181,182,184,185,186,188,190,192,195,198,199,200]","Just Point (1,1) -> Point (1,3), Point (2,20) -> Point (3,165), Point (3,6) -> Point (5,32), Point (4,2) -> Point (6,13), Point (5,5) -> Point (16,29), Point (6,13) -> Point (21,105), Point (7,10) -> Point (25,49), Point (8,3) -> Point (26,24), Point (9,4) -> Point (29,26), Point (10,12) -> Point (31,93), Point (11,7) -> Point (37,35), Point (12,19) -> Point (46,155), Point (13,15) -> Point (69,111), Point (14,8) -> Point (89,37), Point (15,9) -> Point (92,38), Point (16,11) -> Point (129,88), Point (17,14) -> Point (140,106), Point (18,16) -> Point (144,112), Point (19,17) -> Point (145,113), Point (20,18) -> Point (146,114)","leftmost conflict first",55.45 ms
20,200,6,8,"[1,20,6,2,5,13,10,3,4,12,7,19,15,8,9,11,14,16,17,18]","[3,20,165,1,32,13,5,33,91,41,77,89,46,53,2,29,56,66,44,4,105,102,6,108,49,24,76,90,26,7,93,115,8,9,30,153,35,10,197,117,11,85,98,133,142,155,167,36,177,12,193,42,196,191,51,69,70,72,14,15,16,79,17,82,18,87,19,21,111,119,120,121,127,134,22,23,25,27,28,135,138,31,156,158,34,160,161,162,37,163,164,38,39,40,43,45,47,173,183,48,187,50,189,52,194,54,55,57,58,59,60,61,62,63,64,65,67,68,71,73,74,75,78,80,81,83,84,86,88,92,94,95,96,97,99,100,101,103,104,106,107,109,110,112,113,114,116,118,122,123,124,125,126,128,129,130,131,132,136,137,139,140,141,143,144,145,146,147,148,149,150,151,152,154,157,159,166,168,169,170,171,172,174,175,176,178,179,180,181,182,184,185,186,188,190,192,195,198,199,200]","Just Point (1,1) -> Point (1,3), Point (2,20) -> Point (3,165), Point (3,6) -> Point (5,32), Point (4,2) -> Point (6,13), Point (5,5) -> Point (16,29), Point (6,13) -> Point (21,105), Point (7,10) -> Point (25,49), Point (8,3) -> Point (26,24), Point (9,4) -> Point (29,26), Point (10,12) -> Point (31,93), Point (11,7) -> Point (37,35), Point (12,19) -> Point (46,155), Point (13,15) -> Point (69,111), Point (14,8) -> Point (89,37), Point (15,9) -> Point (92,38), Point (16,11) -> Point (129,88), Point (17,14) -> Point (140,106), Point (18,16) -> Point (144,112), Point (19,17) -> Point (145,113), Point (20,18) -> Point (146,114)","rightmost conflict first",56.07 ms
20,200,6,8,"[4,5,6,2,3,17,14,19,7,1,11,8,13,16,18,9,20,10,12,15]","[22,7,2,11,41,4,44,12,10,1,3,5,6,141,15,19,178,25,104,26,27,64,24,29,31,69,32,34,8,52,36,9,13,42,53,61,78,14,51,77,94,16,97,98,93,17,18,108,99,20,113,118,106,123,21,126,56,127,58,23,130,112,67,28,71,73,136,114,179,124,195,74,85,30,33,86,131,35,37,196,140,155,199,38,87,39,88,165,91,40,100,185,192,101,193,43,45,197,46,110,117,128,129,137,47,48,144,49,50,54,147,149,55,152,57,153,59,163,168,169,60,62,63,183,65,187,66,68,188,189,70,72,75,76,79,80,81,82,83,84,89,90,92,95,96,102,103,105,107,109,111,115,116,119,120,121,122,125,132,133,134,135,138,139,142,143,145,146,148,150,151,154,156,157,158,159,160,161,162,164,166,167,170,171,172,173,174,175,176,177,180,181,182,184,186,190,191,194,198,200]","Nothing","leftmost conflict first",389.86 ms
20,200,6,8,"[4,5,6,2,3,17,14,19,7,1,11,8,13,16,18,9,20,10,12,15]","[22,7,2,11,41,4,44,12,10,1,3,5,6,141,15,19,178,25,104,26,27,64,24,29,31,69,32,34,8,52,36,9,13,42,53,61,78,14,51,77,94,16,97,98,93,17,18,108,99,20,113,118,106,123,21,126,56,127,58,23,130,112,67,28,71,73,136,114,179,124,195,74,85,30,33,86,131,35,37,196,140,155,199,38,87,39,88,165,91,40,100,185,192,101,193,43,45,197,46,110,117,128,129,137,47,48,144,49,50,54,147,149,55,152,57,153,59,163,168,169,60,62,63,183,65,187,66,68,188,189,70,72,75,76,79,80,81,82,83,84,89,90,92,95,96,102,103,105,107,109,111,115,116,119,120,121,122,125,132,133,134,135,138,139,142,143,145,146,148,150,151,154,156,157,158,159,160,161,162,164,166,167,170,171,172,173,174,175,176,177,180,181,182,184,186,190,191,194,198,200]","Nothing","rightmost conflict first",328.61 ms
20,200,6,8,"[19,1,17,3,10,4,12,14,5,7,13,18,2,6,20,8,9,11,15,16]","[26,31,24,35,45,85,84,129,32,39,59,80,38,6,133,47,54,18,137,66,1,159,75,121,67,2,3,81,89,95,4,105,142,154,33,5,112,114,7,119,122,126,128,138,131,160,8,9,161,10,173,11,177,12,179,185,13,197,14,198,15,200,16,17,19,20,21,22,23,25,27,28,29,30,34,36,37,40,41,42,43,44,46,48,49,50,51,52,53,55,56,57,58,60,61,62,63,64,65,68,69,70,71,72,73,74,76,77,78,79,82,83,86,87,88,90,91,92,93,94,96,97,98,99,100,101,102,103,104,106,107,108,109,110,111,113,115,116,117,118,120,123,124,125,127,130,132,134,135,136,139,140,141,143,144,145,146,147,148,149,150,151,152,153,155,156,157,158,162,163,164,165,166,167,168,169,170,171,172,174,175,176,178,180,181,182,183,184,186,187,188,189,190,191,192,193,194,195,196,199]","Nothing","leftmost conflict first",15.93 ms
20,200,6,8,"[19,1,17,3,10,4,12,14,5,7,13,18,2,6,20,8,9,11,15,16]","[26,31,24,35,45,85,84,129,32,39,59,80,38,6,133,47,54,18,137,66,1,159,75,121,67,2,3,81,89,95,4,105,142,154,33,5,112,114,7,119,122,126,128,138,131,160,8,9,161,10,173,11,177,12,179,185,13,197,14,198,15,200,16,17,19,20,21,22,23,25,27,28,29,30,34,36,37,40,41,42,43,44,46,48,49,50,51,52,53,55,56,57,58,60,61,62,63,64,65,68,69,70,71,72,73,74,76,77,78,79,82,83,86,87,88,90,91,92,93,94,96,97,98,99,100,101,102,103,104,106,107,108,109,110,111,113,115,116,117,118,120,123,124,125,127,130,132,134,135,136,139,140,141,143,144,145,146,147,148,149,150,151,152,153,155,156,157,158,162,163,164,165,166,167,168,169,170,171,172,174,175,176,178,180,181,182,183,184,186,187,188,189,190,191,192,193,194,195,196,199]","Nothing","rightmost conflict first",15.46 ms
20,200,6,8,"[14,3,7,15,16,18,8,11,2,19,9,20,1,12,13,4,5,6,10,17]","[7,194,9,34,106,16,41,146,17,44,48,24,55,2,1,6,3,74,113,4,37,5,79,8,101,39,46,47,49,105,158,109,10,11,13,148,14,165,15,18,21,22,12,191,23,25,26,50,27,53,86,28,31,19,20,103,107,197,108,32,29,112,33,35,36,125,130,132,135,30,38,63,136,40,137,66,42,144,43,151,67,68,45,51,52,69,54,56,57,58,159,59,72,78,60,160,164,89,168,169,180,181,61,62,92,93,95,99,64,183,65,188,190,102,111,70,71,73,75,116,76,77,80,81,117,118,134,157,82,83,84,85,161,177,179,189,87,199,88,90,91,94,96,97,98,100,104,110,114,115,119,120,121,122,123,124,126,127,128,129,131,133,138,139,140,141,142,143,145,147,149,150,152,153,154,155,156,162,163,166,167,170,171,172,173,174,175,176,178,182,184,185,186,187,192,193,195,196,198,200]","Nothing","leftmost conflict first",118.90 ms
20,200,6,8,"[14,3,7,15,16,18,8,11,2,19,9,20,1,12,13,4,5,6,10,17]","[7,194,9,34,106,16,41,146,17,44,48,24,55,2,1,6,3,74,113,4,37,5,79,8,101,39,46,47,49,105,158,109,10,11,13,148,14,165,15,18,21,22,12,191,23,25,26,50,27,53,86,28,31,19,20,103,107,197,108,32,29,112,33,35,36,125,130,132,135,30,38,63,136,40,137,66,42,144,43,151,67,68,45,51,52,69,54,56,57,58,159,59,72,78,60,160,164,89,168,169,180,181,61,62,92,93,95,99,64,183,65,188,190,102,111,70,71,73,75,116,76,77,80,81,117,118,134,157,82,83,84,85,161,177,179,189,87,199,88,90,91,94,96,97,98,100,104,110,114,115,119,120,121,122,123,124,126,127,128,129,131,133,138,139,140,141,142,143,145,147,149,150,152,153,154,155,156,162,163,166,167,170,171,172,173,174,175,176,178,182,184,185,186,187,192,193,195,196,198,200]","Nothing","rightmost conflict first",98.46 ms
