7,200,"[4,3,1,2,6,5,7]",3,"[6,116,99,96,95,83,142,14,138,12,49,190,93,55,72,173,113,184,123,146,185,171,130,154,145,67,47,73,5,200,189,188,182,78,18,15,60,161,140,76,139,92,174,20,98,197,172,160,124,3,22,175,57,69,27,176,179,105,31,79,129,37,168,195,2,112,65,68,117,4,177,42,198,144,125,166,41,121,40,33,191,114,111,77,107,28,126,178,196,155,199,143,10,192,62,75,26,35,38,133,45,170,183,150,167,163,106,64,19,82,94,87,122,16,180,153,102,135,7,25,21,44,181,148,24,53,43,39,59,51,186,66,70,11,131,193,141,80,54,58,127,100,115,34,165,110,120,147,32,84,162,101,158,128,81,85,149,187,169,151,9,13,157,108,30,152,17,63,134,91,90,88,97,8,164,109,194,52,23,137,74,89,71,56,36,61,48,103,50,1,118,86,29,156,104,136,46,119,132,159]",25,"Just Point (1,1) -> Point (145,145), Point (2,2) -> Point (174,174), Point (3,3) -> Point (182,182), Point (4,4) -> Point (184,184), Point (5,5) -> Point (188,188), Point (6,6) -> Point (189,189), Point (7,7) -> Point (190,190)","default conflict selection strategy",66.76 ms
7,200,"[7,2,3,5,4,6,1]",4,"[27,127,66,81,187,30,183,200,178,97,68,90,101,9,152,26,38,72,50,59,153,160,47,189,167,60,100,89,80,113,109,48,139,197,147,3,121,141,181,142,94,19,116,102,92,32,185,132,95,15,35,53,12,159,150,70,33,64,117,129,169,24,37,1,57,82,16,13,128,145,77,133,93,131,198,148,10,103,176,195,157,83,2,46,122,21,5,52,118,190,110,193,98,44,126,8,164,186,144,31,49,179,196,119,74,56,130,123,180,165,143,11,192,173,43,137,71,125,138,87,45,84,75,175,134,63,88,140,182,188,154,107,168,184,163,108,162,7,120,172,76,177,65,174,55,58,4,96,40,112,62,79,86,106,67,54,170,124,29,20,135,194,14,91,136,199,105,171,104,23,156,114,34,158,161,191,61,36,73,18,6,69,115,41,42,111,166,28,99,155,146,151,78,22,39,25,85,17,149,51]",23,"Nothing","default conflict selection strategy",253.96 ms
7,200,"[2,3,1,4,7,5,6]",2,"[13,88,103,148,102,153,191,51,46,95,188,82,158,121,18,105,189,45,69,14,58,15,193,161,39,5,132,133,175,12,117,140,184,26,123,31,19,135,90,73,79,96,116,144,139,110,198,171,130,91,186,127,43,10,118,24,89,77,147,138,76,68,165,42,156,163,149,8,119,180,74,187,92,97,124,72,141,185,56,85,131,142,48,22,176,177,9,75,164,83,170,52,146,63,61,67,27,168,81,17,99,159,120,104,98,3,106,53,28,200,125,16,32,6,84,101,87,40,199,129,155,29,62,37,7,107,151,108,20,11,173,41,34,100,196,80,194,112,143,167,181,195,160,137,150,93,2,54,59,78,1,94,70,57,50,86,183,35,38,71,109,25,4,23,111,122,49,162,60,128,64,192,172,65,197,174,157,169,115,182,166,55,36,152,113,154,179,178,21,66,126,30,44,33,114,134,47,190,136,145]",22,"Just Point (1,1) -> Point (102,102), Point (2,2) -> Point (103,103), Point (3,3) -> Point (148,148), Point (4,4) -> Point (153,153), Point (5,5) -> Point (196,196), Point (6,6) -> Point (199,199), Point (7,7) -> Point (200,200)","default conflict selection strategy",4.00 ms
7,200,"[1,4,2,7,3,6,5]",3,"[144,176,36,130,145,41,161,29,107,93,105,173,42,135,33,32,146,92,103,63,193,18,160,48,79,174,80,200,83,16,62,177,56,171,74,127,4,5,97,86,7,156,12,27,100,170,188,199,37,69,34,64,24,115,39,164,122,131,99,149,128,67,15,76,190,139,147,89,50,196,22,70,8,52,3,88,53,98,138,191,26,73,102,155,31,28,166,25,61,194,110,148,183,84,9,101,197,71,154,91,112,124,35,30,78,57,187,116,140,136,55,60,134,172,189,10,40,162,23,58,157,2,75,159,1,126,72,175,20,141,45,46,143,125,163,21,65,132,151,68,129,184,195,43,90,165,14,167,81,181,54,121,66,198,51,19,153,96,87,59,150,111,185,168,119,114,38,106,152,118,95,109,120,178,94,182,44,192,169,117,113,123,47,142,158,137,85,186,11,180,13,6,49,17,77,133,108,104,82,179]",21,"Just Point (1,1) -> Point (36,36), Point (2,2) -> Point (93,93), Point (3,3) -> Point (156,156), Point (4,4) -> Point (160,160), Point (5,5) -> Point (196,196), Point (6,6) -> Point (199,199), Point (7,7) -> Point (200,200)","default conflict selection strategy",15.90 ms
7,200,"[1,2,5,6,3,4,7]",2,"[174,147,136,34,59,180,164,170,116,130,66,4,146,36,161,171,84,189,28,39,85,18,76,140,32,68,95,166,71,176,52,127,128,188,67,14,11,186,74,73,199,182,38,152,105,200,65,175,196,51,82,63,9,64,44,58,159,55,100,20,109,168,144,25,124,77,111,35,43,193,156,91,137,6,177,88,53,7,69,107,173,16,117,142,19,153,110,103,89,70,183,133,108,178,162,21,3,119,13,165,29,45,12,27,5,141,126,129,190,57,194,86,179,22,54,167,104,120,192,198,87,50,24,181,49,132,169,123,61,195,41,121,155,139,30,187,149,96,172,8,135,157,33,131,37,83,48,122,56,40,75,125,150,138,145,112,80,42,93,184,1,26,113,115,160,185,2,92,158,97,118,102,101,148,23,106,151,143,79,99,60,47,90,10,46,78,31,163,114,17,98,197,81,94,15,191,134,154,62,72]",23,"Just Point (1,1) -> Point (147,147), Point (2,2) -> Point (164,164), Point (3,3) -> Point (176,176), Point (4,4) -> Point (184,184), Point (5,5) -> Point (189,189), Point (6,6) -> Point (191,191), Point (7,7) -> Point (199,199)","default conflict selection strategy",6.54 ms
7,200,"[4,2,3,7,6,5,1]",4,"[76,16,170,193,140,100,190,91,166,102,163,142,181,146,101,92,174,53,24,133,29,68,161,1,51,28,144,10,6,18,93,81,134,156,106,52,132,30,79,87,172,77,40,130,192,47,126,157,117,88,42,22,128,162,149,75,153,122,177,12,111,4,37,180,145,73,62,96,159,57,112,165,154,148,108,56,158,103,43,155,186,121,110,198,127,7,67,80,179,35,2,178,183,72,60,14,32,97,98,171,25,150,176,105,27,63,45,136,188,46,137,3,143,13,164,107,86,147,31,99,49,123,48,184,94,135,199,33,151,78,11,169,168,59,50,74,129,70,55,114,36,58,9,71,182,197,113,173,65,84,124,125,8,160,44,195,194,89,196,61,64,34,167,185,69,21,116,5,85,26,119,109,189,38,139,17,41,175,115,104,20,19,187,118,66,83,141,82,131,23,15,191,95,138,200,152,120,39,90,54]",26,"Nothing","default conflict selection strategy",71.64 ms
7,200,"[6,3,2,1,5,7,4]",4,"[142,18,181,66,118,102,40,193,38,35,61,41,164,88,44,22,119,165,36,158,24,46,75,64,121,180,27,174,101,131,129,11,169,87,199,111,31,136,8,91,20,127,85,21,67,124,134,5,4,191,146,50,171,148,105,184,83,106,108,150,187,141,198,110,190,53,77,17,145,151,26,79,126,183,173,128,170,2,157,182,107,117,19,49,160,7,96,166,135,104,29,159,149,97,154,133,179,103,143,114,155,95,144,100,197,172,51,9,168,23,54,71,98,65,80,162,73,176,194,15,32,69,63,76,132,42,82,14,58,196,113,138,122,3,57,147,72,177,125,59,123,189,93,33,130,92,52,16,112,94,45,62,90,188,39,13,156,1,48,60,12,185,78,161,74,140,167,37,30,99,109,81,34,120,68,178,47,192,195,6,115,70,163,84,25,56,153,10,43,86,55,152,89,186,137,28,200,175,139,116]",26,"Nothing","default conflict selection strategy",90.50 ms
7,200,"[2,7,1,5,6,3,4]",3,"[85,86,134,128,64,120,189,23,142,107,5,13,15,121,75,97,78,30,9,1,65,119,141,179,136,48,84,155,82,54,22,194,14,63,108,196,181,58,143,49,70,170,4,104,185,195,66,60,100,18,99,31,183,32,146,124,28,158,147,145,160,7,190,89,180,19,118,150,159,144,131,163,77,161,35,61,157,133,110,6,36,96,192,76,80,72,56,81,154,17,137,43,69,197,47,92,53,46,198,162,149,165,50,188,152,39,55,87,130,153,37,139,114,3,148,113,106,41,45,105,27,83,102,98,12,8,51,125,126,94,40,44,191,127,135,164,71,25,34,10,29,167,132,171,168,140,74,186,172,2,178,103,151,26,111,88,33,109,182,138,68,122,62,117,200,123,174,116,16,193,156,73,166,90,112,91,11,177,24,169,115,21,129,93,184,173,101,20,38,59,57,187,42,79,67,175,95,199,176,52]",24,"Just Point (1,1) -> Point (75,75), Point (2,2) -> Point (107,107), Point (3,3) -> Point (159,159), Point (4,4) -> Point (186,186), Point (5,5) -> Point (188,188), Point (6,6) -> Point (191,191), Point (7,7) -> Point (192,192)","default conflict selection strategy",1.87 s
7,200,"[4,3,2,1,6,7,5]",4,"[99,32,38,87,161,153,56,189,41,156,172,141,68,96,81,110,121,157,73,27,162,171,140,95,35,14,176,59,170,52,118,69,186,190,94,111,100,149,184,91,173,114,92,134,142,107,28,132,101,15,130,188,151,54,24,11,53,29,199,182,51,1,104,80,106,45,50,5,48,7,135,40,26,127,2,137,180,85,67,126,200,36,193,139,169,143,116,123,19,117,13,84,93,191,150,33,159,181,66,138,30,163,136,18,158,102,155,165,37,115,105,197,88,174,187,119,77,185,6,21,194,83,62,61,89,64,183,46,145,71,49,146,152,109,192,58,10,177,113,148,154,3,65,22,129,17,90,131,20,103,86,47,124,160,23,133,122,12,72,74,198,76,97,166,167,144,128,195,164,120,31,34,25,168,98,147,63,16,70,39,8,9,196,43,57,108,125,179,60,4,175,178,42,112,75,78,82,44,79,55]",25,"Nothing","default conflict selection strategy",87.21 ms
7,200,"[5,1,7,4,3,6,2]",4,"[106,6,146,9,198,105,42,20,101,95,83,171,159,82,189,120,37,12,176,136,119,59,74,177,157,194,111,11,33,96,152,86,47,156,173,52,65,73,46,43,197,129,66,182,196,34,53,7,187,54,153,147,16,72,80,3,137,150,186,181,14,88,114,75,188,29,50,122,113,190,185,169,128,57,108,23,56,174,116,27,148,25,19,41,18,192,199,61,38,4,130,193,13,135,51,93,107,126,179,140,31,118,172,160,110,184,117,10,81,77,123,112,163,70,166,78,183,87,22,40,195,48,162,127,28,151,60,39,92,109,8,141,143,142,24,55,191,124,44,149,36,69,180,30,35,139,164,138,178,154,158,85,155,26,133,100,94,115,131,102,200,125,32,161,103,132,104,84,145,144,5,15,17,68,165,170,64,45,167,79,62,58,175,168,90,67,76,63,89,134,49,21,121,2,71,91,99,98,1,97]",28,"Nothing","default conflict selection strategy",108.07 ms
7,200,"[6,7,2,1,3,5,4]",3,"[168,148,144,62,43,18,54,138,182,166,11,13,180,27,190,199,134,16,87,36,17,102,105,155,152,69,4,147,35,77,110,20,96,114,175,120,161,127,76,193,89,8,86,73,12,51,106,153,70,143,156,23,48,128,135,66,41,154,165,3,167,49,122,116,71,40,37,189,90,118,125,130,139,30,91,57,83,183,133,44,65,163,80,157,198,63,31,115,181,132,46,79,56,5,174,2,50,146,200,108,32,97,140,137,186,92,9,103,93,124,25,173,52,160,196,123,100,55,109,129,10,29,112,19,99,145,64,121,195,176,81,24,191,185,88,78,38,1,172,111,178,194,119,7,113,126,117,159,68,98,75,85,131,33,136,28,84,158,26,22,95,141,164,60,170,177,94,47,15,162,14,59,171,179,151,150,82,6,149,67,187,61,101,142,45,39,188,169,34,197,42,74,53,192,58,21,107,72,184,104]",24,"Just Point (1,1) -> Point (139,139), Point (2,2) -> Point (143,143), Point (3,3) -> Point (154,154), Point (4,4) -> Point (184,184), Point (5,5) -> Point (185,185), Point (6,6) -> Point (191,191), Point (7,7) -> Point (195,195)","default conflict selection strategy",94.05 ms
7,200,"[5,6,7,2,1,4,3]",3,"[122,54,111,165,85,87,135,177,34,164,139,184,109,115,168,103,80,190,67,90,102,146,13,147,182,23,81,127,118,18,124,22,63,174,172,134,28,120,196,145,40,55,17,113,1,33,133,48,108,151,195,91,140,70,88,25,36,126,38,69,29,138,137,171,150,4,129,57,32,89,42,14,162,3,175,119,104,47,26,153,193,7,180,51,77,131,94,31,199,183,93,100,200,79,37,82,142,8,61,44,132,128,75,12,53,117,169,45,27,192,86,5,160,167,197,46,141,98,143,105,125,68,24,152,52,95,74,35,83,84,101,176,92,72,41,15,65,49,96,136,185,155,166,121,71,123,161,30,2,116,43,62,76,173,20,157,78,9,186,130,191,39,99,50,58,21,158,181,187,97,154,112,106,170,189,66,56,64,159,148,16,144,156,73,10,194,114,59,188,178,179,110,149,198,11,19,60,107,163,6]",25,"Just Point (1,1) -> Point (128,128), Point (2,2) -> Point (129,129), Point (3,3) -> Point (163,163), Point (4,4) -> Point (166,166), Point (5,5) -> Point (169,169), Point (6,6) -> Point (170,170), Point (7,7) -> Point (173,173)","default conflict selection strategy",2.72 s
7,200,"[7,1,5,6,4,2,3]",4,"[36,75,58,22,142,24,145,20,15,55,49,128,199,107,68,65,8,163,200,108,92,19,130,186,25,18,88,147,60,106,159,59,197,190,80,44,81,64,141,110,189,194,116,127,57,136,117,158,74,28,137,162,126,39,73,72,35,61,33,31,98,135,193,179,7,118,79,86,131,112,121,173,120,143,66,96,4,13,37,54,40,41,140,2,195,156,67,188,149,70,144,161,184,69,47,113,152,45,93,164,138,11,175,53,94,191,100,89,83,10,153,150,123,182,154,134,176,16,167,6,34,90,187,169,3,1,43,23,76,125,29,87,82,132,104,62,71,109,50,178,196,139,32,91,177,26,198,157,102,115,56,133,21,27,84,174,42,183,14,166,122,38,99,114,63,77,171,165,95,172,48,180,103,170,9,12,97,119,160,78,151,148,124,185,52,168,17,101,46,129,51,105,85,146,155,5,181,30,192,111]",23,"Just Point (1,1) -> Point (23,23), Point (2,2) -> Point (132,132), Point (3,3) -> Point (165,165), Point (4,4) -> Point (166,166), Point (5,5) -> Point (173,173), Point (6,6) -> Point (179,179), Point (7,7) -> Point (190,190)","default conflict selection strategy",5.70 s
7,200,"[5,6,1,4,3,2,7]",4,"[112,25,125,166,179,156,64,36,151,127,54,41,183,171,70,199,16,33,11,134,167,123,90,164,142,189,195,72,107,186,30,95,178,92,130,150,42,185,57,116,10,66,12,59,121,194,87,91,61,6,45,160,65,46,173,115,100,27,28,108,19,2,74,187,168,93,200,136,165,114,174,49,135,88,175,9,153,80,68,132,78,177,84,124,103,32,47,139,94,79,181,119,147,44,120,38,190,51,86,98,169,113,34,35,75,5,17,52,140,109,63,102,192,7,105,4,39,101,40,155,29,83,104,158,67,73,191,8,154,193,176,157,77,137,128,118,15,197,172,144,99,133,82,24,152,196,188,131,138,31,37,62,129,96,184,146,71,182,145,3,126,117,53,13,20,149,85,110,141,148,81,55,122,170,1,26,18,23,60,198,111,180,43,106,22,14,58,76,97,48,143,56,69,89,162,50,161,21,163,159]",24,"Nothing","default conflict selection strategy",57.89 ms
7,200,"[4,5,1,2,7,3,6]",2,"[171,4,1,28,88,109,184,68,94,161,152,108,54,69,135,187,145,100,2,74,53,55,169,78,43,58,193,126,25,148,3,21,10,35,138,196,33,11,113,167,39,27,96,121,70,12,8,22,77,115,90,36,153,178,86,19,75,189,79,172,124,157,116,52,194,62,14,192,85,91,44,89,18,120,181,106,46,98,47,177,139,80,151,92,127,67,182,159,50,132,119,13,16,49,51,125,110,158,183,76,99,180,66,26,107,24,185,150,155,146,198,101,103,95,112,188,71,144,81,105,37,199,136,131,123,5,197,20,114,97,175,73,170,190,7,128,140,15,137,60,23,65,45,93,84,179,141,38,63,166,133,149,9,72,40,162,118,156,143,163,57,32,117,42,134,174,29,83,186,122,165,111,154,176,17,168,48,31,195,87,59,61,30,64,82,191,104,6,102,56,173,34,41,129,147,142,130,164,160,200]",23,"Just Point (1,1) -> Point (68,68), Point (2,2) -> Point (152,152), Point (3,3) -> Point (172,172), Point (4,4) -> Point (178,178), Point (5,5) -> Point (189,189), Point (6,6) -> Point (194,194), Point (7,7) -> Point (196,196)","default conflict selection strategy",9.66 ms
7,200,"[3,5,4,2,1,6,7]",4,"[6,99,120,58,11,119,65,37,53,1,18,166,105,130,164,31,78,112,165,128,40,57,54,70,135,145,92,14,161,68,25,74,132,56,52,180,38,102,171,137,96,88,23,142,107,103,124,181,184,176,138,82,48,108,85,125,189,127,146,109,133,155,167,67,129,123,121,169,193,116,183,75,98,64,47,172,154,87,26,36,20,12,192,49,50,22,188,139,30,110,95,150,97,76,190,194,42,170,163,43,72,134,117,179,141,21,91,186,143,73,198,69,152,106,196,19,93,29,187,148,157,17,113,159,2,27,32,66,41,3,86,175,63,191,136,101,46,15,79,61,160,80,115,114,111,77,104,156,94,44,122,140,4,177,162,10,39,100,174,45,71,151,84,158,178,199,62,200,24,182,118,13,34,51,7,185,126,5,55,16,35,149,8,168,90,89,147,153,83,81,60,173,131,33,197,59,9,144,195,28]",24,"Just Point (1,1) -> Point (186,186), Point (2,2) -> Point (188,188), Point (3,3) -> Point (189,189), Point (4,4) -> Point (192,192), Point (5,5) -> Point (193,193), Point (6,6) -> Point (194,194), Point (7,7) -> Point (198,198)","default conflict selection strategy",3.18 ms
7,200,"[1,7,5,4,6,3,2]",5,"[85,136,128,167,184,173,192,2,111,127,29,118,196,144,158,98,79,42,200,22,193,132,91,59,7,133,97,61,149,4,56,5,19,65,186,188,77,164,129,48,18,82,137,66,166,123,191,116,112,148,25,53,139,96,121,114,52,17,31,23,195,107,11,145,197,13,160,60,63,94,45,15,70,178,177,14,135,113,106,108,58,154,124,161,6,159,147,187,44,40,3,143,54,27,110,140,120,142,90,92,105,51,156,80,134,194,99,81,172,74,146,131,76,69,37,179,62,198,35,175,28,89,153,83,125,43,152,130,78,73,24,141,1,122,181,170,21,50,168,26,95,176,151,93,46,87,189,190,117,30,55,32,57,33,49,36,41,138,12,72,67,165,171,199,162,64,150,75,109,183,88,16,34,155,8,119,126,163,9,115,86,182,10,169,39,102,103,47,20,71,84,104,180,68,174,185,38,100,101,157]",23,"Nothing","default conflict selection strategy",841.60 ms
7,200,"[6,4,5,7,1,3,2]",4,"[172,105,112,80,154,171,67,137,99,57,174,124,200,19,115,177,45,195,52,24,69,107,175,165,106,83,96,34,142,132,135,134,117,178,26,30,173,125,141,36,121,101,144,163,168,192,116,184,187,23,46,1,102,74,6,37,190,31,38,66,25,150,108,182,88,56,109,186,152,20,104,194,3,70,199,18,92,78,47,127,123,138,129,60,133,159,166,130,170,97,119,10,42,157,114,176,59,27,147,7,22,156,51,48,120,41,28,169,167,139,2,158,33,143,68,90,32,160,189,76,103,49,93,191,89,162,75,39,40,197,44,128,71,181,9,126,161,131,29,179,86,5,55,155,140,65,149,54,164,118,11,94,4,43,153,14,72,198,73,84,12,85,111,13,146,53,8,15,196,91,21,188,79,95,183,62,110,193,58,87,77,98,145,122,180,185,61,63,148,50,16,113,82,151,35,17,136,100,64,81]",25,"Nothing","default conflict selection strategy",917.68 ms
7,200,"[3,2,5,6,7,4,1]",3,"[38,157,118,94,139,165,27,11,48,128,100,62,56,195,43,60,105,186,86,24,137,19,17,106,104,31,184,185,197,138,46,103,146,49,7,117,111,74,63,188,78,65,166,70,115,169,180,189,76,51,10,30,129,33,181,90,95,85,98,50,112,187,25,14,102,58,1,120,20,127,34,114,72,200,3,190,159,15,125,40,149,191,160,196,28,175,170,194,41,67,168,131,29,193,178,145,6,132,53,87,176,59,198,18,99,55,151,107,182,156,171,26,42,155,161,152,83,75,123,89,142,135,96,47,122,110,158,91,153,144,79,150,101,163,77,136,108,35,21,82,141,130,192,167,64,148,119,143,5,57,134,177,2,12,39,113,172,121,140,124,147,93,44,183,37,36,22,162,73,8,69,32,84,199,92,126,164,61,16,4,174,45,154,52,133,109,66,81,88,13,179,23,97,71,173,80,116,9,68,54]",26,"Just Point (1,1) -> Point (149,149), Point (2,2) -> Point (159,159), Point (3,3) -> Point (166,166), Point (4,4) -> Point (168,168), Point (5,5) -> Point (175,175), Point (6,6) -> Point (180,180), Point (7,7) -> Point (186,186)","default conflict selection strategy",15.44 s
7,200,"[6,1,5,2,4,3,7]",4,"[100,56,131,93,155,59,147,36,17,81,188,132,167,138,43,136,191,48,60,124,86,174,133,65,151,192,120,139,181,9,107,166,102,62,121,130,193,19,11,82,141,103,68,118,49,32,38,63,70,152,125,112,52,119,190,189,150,163,79,156,164,161,26,113,110,162,176,186,21,115,27,128,80,153,25,94,146,196,13,23,3,148,169,117,159,91,18,51,97,182,74,77,187,15,178,83,5,183,50,172,72,168,145,22,99,185,28,106,154,67,173,64,165,114,61,104,46,78,53,76,135,101,73,197,89,87,55,184,39,129,37,170,14,75,126,123,42,171,10,54,195,41,2,1,90,92,98,44,157,108,85,33,199,71,175,47,16,200,158,96,7,24,142,140,29,45,57,40,105,30,35,58,66,84,179,109,69,20,111,134,144,143,12,34,122,160,95,88,177,116,4,6,194,137,8,180,198,31,149,127]",26,"Nothing","default conflict selection strategy",160.11 ms
7,200,"[3,7,6,4,2,5,1]",5,"[35,161,199,23,98,130,48,124,63,143,51,29,57,22,138,178,160,168,50,149,192,154,94,100,158,2,182,73,185,18,37,136,140,173,39,200,188,184,177,128,44,112,108,68,71,141,81,43,193,42,10,126,21,89,8,163,111,58,166,110,179,87,194,6,99,132,69,174,80,84,59,66,116,104,30,72,34,171,76,142,60,61,93,38,109,31,15,176,152,125,133,67,181,190,135,1,103,105,180,151,144,153,106,155,119,24,19,3,195,28,45,165,20,52,198,55,170,167,12,115,150,65,139,107,101,46,11,114,117,40,74,47,26,102,122,183,172,27,187,113,127,78,134,146,16,54,118,13,56,62,96,169,14,186,36,159,147,145,41,131,137,70,90,157,92,196,75,82,121,97,17,83,64,197,77,120,5,49,32,95,85,33,164,123,4,25,189,156,91,148,175,191,79,162,7,9,88,53,86,129]",22,"Nothing","default conflict selection strategy",6.12 s
7,200,"[5,7,3,6,4,1,2]",4,"[72,147,7,24,9,137,105,122,40,200,183,21,17,173,131,177,34,79,199,52,95,140,47,172,146,99,107,39,186,2,121,30,153,92,188,45,141,108,48,155,187,111,165,166,126,64,195,192,6,167,163,3,138,29,176,11,74,50,14,109,157,93,189,46,5,28,36,145,69,65,42,185,169,190,174,80,132,67,101,51,116,1,127,8,194,25,158,62,198,156,10,75,15,143,135,154,97,56,151,102,181,117,162,115,110,32,128,164,59,150,112,22,123,12,179,43,182,175,84,83,23,16,139,114,113,71,193,41,44,85,90,125,142,106,81,86,148,161,61,35,57,20,96,4,152,88,160,38,89,58,144,13,136,170,119,196,66,94,19,134,18,63,68,37,54,103,191,104,55,178,53,98,26,73,180,77,120,49,130,91,31,70,78,100,87,168,129,33,82,197,149,159,118,184,76,60,27,133,124,171]",25,"Just Point (1,1) -> Point (142,142), Point (2,2) -> Point (168,168), Point (3,3) -> Point (170,170), Point (4,4) -> Point (171,171), Point (5,5) -> Point (175,175), Point (6,6) -> Point (181,181), Point (7,7) -> Point (185,185)","default conflict selection strategy",17.71 s
7,200,"[2,5,6,3,4,7,1]",3,"[130,200,90,173,9,160,141,63,192,56,24,91,163,13,62,176,184,121,146,94,194,148,179,36,6,142,29,136,197,151,129,11,39,41,80,2,169,48,72,96,128,99,55,21,181,134,86,70,170,161,127,54,122,20,157,71,101,35,156,103,112,177,46,191,124,196,144,85,115,107,7,16,108,74,68,188,40,30,154,37,187,14,137,116,52,32,113,166,114,59,189,87,97,100,106,23,4,162,138,10,18,82,158,42,193,175,172,50,171,26,66,88,182,84,73,92,174,118,104,139,167,76,147,22,69,43,180,15,120,119,34,17,33,125,27,126,19,12,64,152,140,153,47,53,168,149,65,159,105,145,98,67,155,49,8,186,135,31,83,165,164,78,75,131,81,25,5,93,110,45,111,89,109,1,185,199,117,44,133,77,190,183,38,143,132,51,198,195,3,79,60,61,57,102,58,150,95,123,178,28]",26,"Just Point (1,1) -> Point (177,177), Point (2,2) -> Point (178,178), Point (3,3) -> Point (179,179), Point (4,4) -> Point (180,180), Point (5,5) -> Point (184,184), Point (6,6) -> Point (186,186), Point (7,7) -> Point (192,192)","default conflict selection strategy",3.87 s
7,200,"[7,1,6,4,3,5,2]",5,"[117,8,124,34,167,157,79,53,37,128,115,191,31,28,45,71,173,197,101,3,176,14,5,105,98,85,112,9,164,174,126,192,111,116,171,61,194,69,60,186,110,42,44,158,35,49,169,88,39,152,26,161,143,163,32,153,142,13,140,133,134,19,10,84,87,73,51,70,33,78,100,156,81,181,160,170,131,149,177,6,118,114,55,103,15,82,187,147,199,139,18,59,144,162,185,125,172,195,138,66,165,175,22,25,119,64,62,168,179,46,48,72,47,52,200,95,56,54,27,29,198,74,38,145,65,150,166,108,196,132,21,137,189,122,113,93,141,89,20,188,80,67,4,154,120,43,68,77,58,30,121,16,178,50,151,23,136,75,99,7,36,102,123,96,106,148,155,90,135,130,182,17,86,193,146,24,183,57,129,92,83,184,109,97,127,40,180,11,2,63,104,159,76,12,94,41,190,107,1,91]",27,"Nothing","default conflict selection strategy",90.51 ms
7,200,"[6,5,3,2,4,7,1]",5,"[48,120,146,157,187,124,69,142,89,87,174,20,194,190,175,156,134,52,189,114,6,81,193,154,176,164,121,179,167,12,135,165,80,43,102,185,9,45,61,70,181,92,90,197,22,86,91,152,4,59,129,182,84,27,109,88,78,76,106,94,5,34,162,177,130,186,148,169,136,117,145,82,118,159,170,200,1,100,115,50,199,128,49,126,47,137,161,122,16,13,198,15,132,195,79,111,71,138,65,107,44,26,42,133,144,104,19,53,35,141,54,40,51,140,37,191,73,29,131,8,188,72,25,39,77,74,173,113,110,57,123,96,28,85,46,116,151,58,196,11,62,18,31,143,171,139,168,38,127,108,83,103,24,180,14,75,112,192,158,184,183,99,97,160,64,56,41,2,63,150,23,172,149,119,98,33,30,67,36,17,32,163,166,95,66,125,153,178,21,93,147,60,101,105,68,155,10,3,55,7]",27,"Nothing","default conflict selection strategy",56.84 ms
7,200,"[6,5,2,3,7,4,1]",4,"[27,128,138,51,71,48,33,47,32,173,140,159,171,169,77,112,2,18,22,178,8,49,123,63,53,157,107,104,75,83,161,144,174,155,36,24,114,67,152,126,151,21,1,79,34,191,113,29,41,109,98,186,192,85,156,181,131,187,111,40,136,37,25,59,58,39,106,167,99,198,115,137,199,188,145,125,31,69,86,108,54,52,172,100,194,20,76,46,6,185,91,127,168,183,19,9,62,134,130,56,121,146,153,162,57,96,119,60,7,66,42,200,65,55,5,149,116,93,117,170,179,132,68,38,30,95,118,166,190,4,80,165,88,3,72,23,78,74,15,16,124,147,70,44,13,197,11,43,28,61,182,64,81,163,50,94,12,164,97,103,158,143,73,102,139,129,195,120,92,193,82,135,101,154,35,189,87,133,105,196,142,45,176,177,90,14,26,110,89,122,148,84,180,184,10,175,141,160,17,150]",24,"Just Point (1,1) -> Point (175,175), Point (2,2) -> Point (176,176), Point (3,3) -> Point (177,177), Point (4,4) -> Point (180,180), Point (5,5) -> Point (182,182), Point (6,6) -> Point (186,186), Point (7,7) -> Point (193,193)","default conflict selection strategy",596.79 ms
7,200,"[1,3,6,2,4,5,7]",2,"[20,99,145,1,113,194,102,134,66,22,24,163,18,38,142,197,198,146,155,71,138,63,182,110,6,89,122,61,58,105,147,11,169,23,127,64,8,111,94,52,176,5,153,55,170,179,200,177,191,44,82,54,15,33,101,137,144,12,156,36,168,2,56,133,14,3,72,178,75,119,148,190,140,79,57,126,88,17,77,69,199,192,181,25,60,164,9,107,49,139,184,152,108,171,185,149,78,128,62,158,16,136,116,85,59,175,109,189,186,188,13,31,39,174,125,129,98,67,65,100,4,167,104,106,97,90,29,21,92,103,76,132,73,157,70,83,28,30,45,53,161,41,43,42,150,10,34,96,121,165,48,131,84,143,172,154,195,68,118,130,74,115,141,81,32,26,135,46,159,187,112,95,35,166,151,93,180,124,196,7,162,40,193,120,19,50,160,47,86,51,37,80,117,123,114,91,173,87,183,27]",24,"Just Point (1,1) -> Point (20,20), Point (2,2) -> Point (113,113), Point (3,3) -> Point (145,145), Point (4,4) -> Point (147,147), Point (5,5) -> Point (170,170), Point (6,6) -> Point (176,176), Point (7,7) -> Point (194,194)","default conflict selection strategy",4.06 ms
7,200,"[5,1,7,2,6,4,3]",4,"[32,97,29,31,11,146,77,154,30,22,149,186,168,175,103,91,39,134,10,27,100,49,178,107,132,63,52,33,179,110,13,125,92,64,95,75,138,115,151,188,131,197,93,43,5,170,38,25,195,183,181,111,46,118,139,8,193,55,51,121,171,122,23,86,21,65,162,199,174,89,117,80,128,67,85,180,1,74,145,143,176,108,166,104,35,17,90,70,130,129,102,28,116,48,157,144,4,2,76,47,9,182,136,160,53,58,114,71,84,99,156,150,45,81,36,18,126,185,44,6,113,152,127,141,169,164,82,196,200,98,83,137,153,120,148,56,119,165,19,73,112,66,50,40,16,187,142,60,79,159,69,14,173,106,94,135,15,190,172,7,61,68,37,101,155,109,57,59,12,133,34,26,41,140,88,72,194,42,3,62,87,184,198,105,147,20,177,24,192,163,158,123,191,124,54,167,78,161,96,189]",23,"Just Point (1,1) -> Point (30,30), Point (2,2) -> Point (39,39), Point (3,3) -> Point (187,187), Point (4,4) -> Point (193,193), Point (5,5) -> Point (195,195), Point (6,6) -> Point (196,196), Point (7,7) -> Point (197,197)","default conflict selection strategy",6.00 ms
7,200,"[1,2,7,5,4,6,3]",4,"[159,25,200,185,14,45,71,114,132,167,11,162,149,78,79,19,92,122,133,103,110,2,166,67,105,40,84,106,52,189,141,85,196,65,86,108,47,154,102,44,147,33,120,172,161,20,54,150,134,9,43,194,139,104,181,94,101,143,80,186,175,107,158,49,118,72,57,183,99,199,126,48,59,90,4,140,18,138,113,197,64,3,12,180,119,98,58,73,179,111,116,31,89,168,27,91,6,75,193,37,35,56,187,191,131,165,173,137,93,178,13,192,55,190,117,155,153,142,195,136,170,21,135,69,123,68,148,96,8,16,88,169,17,177,1,151,174,109,83,176,182,171,145,60,163,157,184,30,87,100,36,7,128,164,42,10,124,127,41,125,70,32,66,74,156,22,63,144,152,15,76,34,121,46,188,115,77,51,198,160,81,95,39,61,53,24,62,129,28,146,5,112,82,50,29,97,38,130,26,23]",27,"Nothing","default conflict selection strategy",312.56 ms
7,200,"[2,1,5,6,4,7,3]",3,"[144,8,184,118,181,90,107,182,120,149,155,87,199,43,109,18,4,147,70,3,176,135,88,106,59,5,157,84,86,101,20,121,108,51,62,130,178,124,83,187,127,169,23,159,34,112,100,150,171,56,67,76,188,115,160,166,24,69,52,54,64,189,119,77,148,177,191,97,125,12,33,152,74,104,110,85,126,40,168,13,93,6,175,9,60,27,29,49,11,75,196,193,44,200,73,22,183,15,10,158,79,41,36,197,80,133,55,94,53,103,190,92,198,82,96,138,66,165,81,102,131,154,164,25,146,141,57,42,113,129,116,194,32,195,105,122,136,46,26,128,14,137,140,35,2,91,114,21,95,16,167,45,17,123,48,192,50,163,151,180,145,174,47,161,19,173,139,185,37,134,98,72,172,170,111,58,28,153,117,65,99,142,156,63,7,179,89,30,71,143,186,162,132,39,61,38,78,31,68,1]",23,"Just Point (1,1) -> Point (90,90), Point (2,2) -> Point (118,118), Point (3,3) -> Point (185,185), Point (4,4) -> Point (190,190), Point (5,5) -> Point (193,193), Point (6,6) -> Point (194,194), Point (7,7) -> Point (199,199)","default conflict selection strategy",13.35 s
